lat,lon,river_distance
19.8735482,72.4084376,139459.7235051298
19.8735482,72.6584376,111873.36883278891
19.8735482,72.9084376,84446.96830956182
19.8735482,73.1584376,57410.22459600763
20.1235482,72.4084376,126974.8723382516
20.1235482,72.6584376,111428.25028493376
20.1235482,72.9084376,83856.39369923294
20.1235482,73.1584376,56537.93589908155
20.3735482,72.4084376,98855.66307891888
20.3735482,72.6584376,92537.18586993296
20.3735482,72.9084376,93224.08757810885
20.3735482,73.1584376,69360.71661190568
20.6235482,72.4084376,71944.75004353648
20.6235482,72.6584376,62982.026839255785
20.6235482,72.9084376,65623.3798241424
20.6235482,73.1584376,72009.90133364424
20.2581399,72.5598983,107558.68310321467
20.2581399,72.8098983,98200.14066862257
20.2581399,73.0598983,72092.71895069581
20.2581399,73.3098983,47700.78000160013
20.5081399,72.5598983,78497.28115992264
20.5081399,72.8098983,76752.61879012104
20.5081399,73.0598983,84430.86925665177
20.5081399,73.3098983,68690.00036199634
20.7581399,72.5598983,50131.08129759524
20.7581399,72.8098983,47352.57811046614
20.7581399,73.0598983,57451.47893459394
20.7581399,73.3098983,57416.56172293477
21.0081399,72.5598983,25127.77661808187
21.0081399,72.8098983,18772.5154686198
21.0081399,73.0598983,28751.590077813617
21.0081399,73.3098983,28347.66612015862
20.2971703,70.1957211,299596.5369582475
20.2971703,70.4457211,273566.7195607386
20.2971703,70.6957211,247928.25327881202
20.2971703,70.9457211,222816.27212874492
20.5471703,70.1957211,290903.7525636961
20.5471703,70.4457211,264018.29169489257
20.5471703,70.6957211,237350.64160888278
20.5471703,70.9457211,210983.41030426178
20.7971703,70.1957211,285046.63772875385
20.7971703,70.4457211,257550.48199201003
20.7971703,70.6957211,230134.56823557743
20.7971703,70.9457211,202831.43703194484
21.0471703,70.1957211,282217.1499791762
21.0471703,70.4457211,254415.37853718287
21.0471703,70.6957211,226620.50560105324
21.0471703,70.9457211,198835.42418378362
20.3198898,70.5391641,262908.83734017465
20.3198898,70.7891641,237338.78667122268
20.3198898,71.0391641,212337.81150417734
20.3198898,71.2891641,188132.92204983195
20.5698898,70.5391641,253273.62453507353
20.5698898,70.7891641,226619.0013925115
20.5698898,71.0391641,200284.34369154903
20.5698898,71.2891641,174414.64529270222
20.8198898,70.5391641,246849.07173153467
20.8198898,70.7891641,219415.37576415672
20.8198898,71.0391641,192095.68880519285
20.8198898,71.2891641,164946.66963041748
21.0698898,70.5391641,243906.82082679693
21.0698898,70.7891641,216099.93094131467
21.0698898,71.0391641,188299.83188695728
21.0698898,71.2891641,160510.0521876464
20.4101099,69.865279,330633.5254103914
20.4101099,70.115279,303894.3388270146
20.4101099,70.365279,277369.8142295263
20.4101099,70.615279,251127.97962223223
20.6601099,69.865279,324005.13625381887
20.6601099,70.115279,296669.12438718684
20.6601099,70.365279,269434.24808155646
20.6601099,70.615279,242334.60822320872
20.9101099,69.865279,320005.78213747084
20.9101099,70.115279,292295.98294745496
20.9101099,70.365279,264611.3873623591
20.9101099,70.615279,236960.8293057205
21.1601099,69.865279,318748.156318844
21.1601099,70.115279,290918.59377232427
21.1601099,70.365279,263089.0968418878
21.1601099,70.615279,235259.6888132401
20.452407,72.4323831,89162.30721880643
20.452407,72.6823831,82999.83337398406
20.452407,72.9323831,85889.6459443551
20.452407,73.1823831,73196.87380255548
20.702407,72.4323831,62517.89172860686
20.702407,72.6823831,53362.365930664186
20.702407,72.9323831,57661.31369259897
20.702407,73.1823831,62575.12660123036
20.952407,72.4323831,40399.18955898025
20.952407,72.6823831,23898.741149916634
20.952407,72.9323831,31423.270990831476
20.952407,73.1823831,32799.62267053498
21.202407,72.4323831,33608.2465909911
21.202407,72.6823831,8280.673308926289
21.202407,72.9323831,6630.953725787827
21.202407,73.1823831,2975.5419864433547
20.538617,70.9438845,211522.55569194595
20.538617,71.1938845,185628.8984680744
20.538617,71.4438845,160385.12385909905
20.538617,71.6938845,136153.1916369778
20.788617,70.9438845,203243.78858192553
20.788617,71.1938845,176137.25891234016
20.788617,71.4438845,149297.1332142068
20.788617,71.6938845,122898.07819334557
21.038617,70.9438845,199103.8070201106
21.038617,71.1938845,171343.57983280186
21.038617,71.4438845,143610.31424917784
21.038617,71.6938845,115923.36259954107
21.288617,70.9438845,199382.78711156617
21.288617,71.1938845,171667.67947518374
21.288617,71.4438845,143996.8478308546
21.288617,71.6938845,116401.87207626582
20.5914409,71.2621979,176196.1067514026
20.5914409,71.5121979,150776.7848880084
20.5914409,71.7621979,126377.26582256422
20.5914409,72.0121979,103719.773434088
20.8414409,71.2621979,167284.68695510202
20.8414409,71.5121979,140259.5355634674
20.8414409,71.7621979,113623.55289332346
20.8414409,72.0121979,87731.92039693058
21.0914409,71.2621979,163380.41256124998
21.0914409,71.5121979,135579.2389545588
21.0914409,71.7621979,107792.87773837215
21.0914409,72.0121979,80036.75765266316
21.3414409,71.2621979,164866.38628858994
21.3414409,71.5121979,137366.28463590206
21.3414409,71.7621979,110032.13444396123
21.3414409,72.0121979,83027.99946238287
20.5488646,72.7615399,71470.56172583596
20.5488646,73.0115399,77874.6376772128
20.5488646,73.2615399,75786.53625604544
20.5488646,73.5115399,63000.02207471682
20.7988646,72.7615399,41792.2082935573
20.7988646,73.0115399,51465.95548874633
20.7988646,73.2615399,51683.3245170165
20.7988646,73.5115399,55216.94913340099
21.0488646,72.7615399,12391.009015580346
21.0488646,73.0115399,26204.584645324947
21.0488646,73.2615399,22547.872310191102
21.0488646,73.5115399,26223.141451037438
21.2988646,72.7615399,7873.4452570086805
21.2988646,73.0115399,931.6670260234462
21.2988646,73.2615399,6360.442995836245
21.2988646,73.5115399,3130.142137248293
20.6176744,72.8857702,65571.1985538562
20.6176744,73.1357702,72847.35124354453
20.6176744,73.3857702,75453.95694798682
20.6176744,73.6357702,68453.30159404331
20.8676744,72.8857702,37464.73758452261
20.8676744,73.1357702,43220.63152774719
20.8676744,73.3857702,46068.95798434761
20.8676744,73.6357702,45305.03918543416
21.1176744,72.8857702,12522.408205051348
21.1176744,73.1357702,13779.226317450244
21.1176744,73.3857702,17694.90822638218
21.1176744,73.6357702,15582.356695200178
21.3676744,72.8857702,11744.454705623275
21.3676744,73.1357702,11084.80257590492
21.3676744,73.3857702,10434.772335686826
21.3676744,73.6357702,10981.55937211685
20.6241507,69.6199203,351643.25634525536
20.6241507,69.8699203,324293.038334559
20.6241507,70.1199203,297031.9398991179
20.6241507,70.3699203,269886.968112609
20.8741507,69.6199203,347596.247923109
20.8741507,69.8699203,319900.2134250433
20.8741507,70.1199203,292229.61033639574
20.8741507,70.3699203,264592.41749178094
21.1241507,69.6199203,346069.88982257113
21.1241507,69.8699203,318241.046411319
21.1241507,70.1199203,290412.40026717994
21.1241507,70.3699203,262584.0141092522
21.3741507,69.6199203,347110.26334880095
21.3741507,69.8699203,319372.08691624686
21.3741507,70.1199203,291651.3818057651
21.3741507,70.3699203,263953.6526475725
20.6702124,73.0622874,67419.1481319381
20.6702124,73.3122874,67718.22349406031
20.6702124,73.5622874,69392.95319561982
20.6702124,73.8122874,70095.8399439305
20.9202124,73.0622874,38655.48275053563
20.9202124,73.3122874,38816.2526723686
20.9202124,73.5622874,39901.919826698075
20.9202124,73.8122874,41270.19572383375
21.1702124,73.0622874,11786.888116205479
21.1702124,73.3122874,9109.821633391786
21.1702124,73.5622874,10831.28149996051
21.1702124,73.8122874,15702.638562776725
21.4202124,73.0622874,14483.659714773805
21.4202124,73.3122874,17814.010584150135
21.4202124,73.5622874,18235.16422355042
21.4202124,73.8122874,2912.216089232156
20.8232985,69.9425757,312548.1388718299
20.8232985,70.1925757,284953.5253918233
20.8232985,70.4425757,257409.5720501125
20.8232985,70.6925757,229934.4853683867
21.0732985,69.9425757,310268.58493349614
21.0732985,70.1925757,282451.353895884
21.0732985,70.4425757,254636.8855201687
21.0732985,70.6925757,226826.19611943915
21.3232985,69.9425757,310845.5776288008
21.3232985,70.1925757,283085.0502099442
21.3232985,70.4425757,255339.62050994008
21.3232985,70.6925757,227614.80966923703
21.5732985,69.9425757,314277.7914541846
21.5732985,70.1925757,286849.61691155133
21.5732985,70.4425757,259506.99195223497
21.5732985,70.6925757,232280.1296940832
20.8417058,70.2534299,277946.99914975575
20.8417058,70.5034299,250385.23117919808
20.8417058,70.7534299,222890.1013454306
20.8417058,71.0034299,195489.72912074276
21.0917058,70.2534299,275618.227102251
21.0917058,70.5034299,247797.57215778806
21.0917058,70.7534299,219979.24914048152
21.0917058,71.0034299,192164.2707850112
21.3417058,70.2534299,276505.08638164477
21.3417058,70.5034299,248783.62576991878
21.3417058,70.7534299,221089.4066579013
21.3417058,71.0034299,193434.1300036473
21.5917058,70.2534299,280593.24940281856
21.5917058,70.5034299,253319.5635294252
21.5917058,70.7534299,226181.4195548661
21.5917058,71.0034299,199234.21258854974
20.8545788,71.5368814,137201.1435248119
20.8545788,71.7868814,110519.98717166566
20.8545788,72.0368814,84582.41527139932
20.8545788,72.2868814,60354.83419471007
21.1045788,71.5368814,132764.45755163088
21.1045788,71.7868814,104961.49279087027
21.1045788,72.0368814,77177.9267511522
21.1045788,72.2868814,49446.47019893041
21.3545788,71.5368814,134936.6290688265
21.3545788,71.7868814,107695.90356353944
21.3545788,72.0368814,80857.43659729444
21.3545788,72.2868814,55013.144707542284
21.6045788,71.5368814,143449.3357531816
21.6045788,71.7868814,118187.24849973507
21.6045788,72.0368814,94380.84083465475
21.6045788,72.2868814,71677.64277723726
20.9563995,72.9757224,33801.92127624994
20.9563995,73.2257224,32572.89205138334
20.9563995,73.4757224,37870.68591000823
20.9563995,73.7257224,34875.50637155879
21.2063995,72.9757224,9768.966614744
21.2063995,73.2257224,3624.047605292568
21.2063995,73.4757224,8158.7643410894925
21.2063995,73.7257224,6151.645190093485
21.4563995,72.9757224,17900.92671564455
21.4563995,73.2257224,25333.955176810698
21.4563995,73.4757224,21649.361545138203
21.4563995,73.7257224,13290.558866267489
21.7063995,72.9757224,18272.099610302084
21.7063995,73.2257224,11233.645686814454
21.7063995,73.4757224,26281.441772124443
21.7063995,73.7257224,15799.48519937806
21.0236104,71.3219597,157290.39161835157
21.0236104,71.5719597,129611.4312185624
21.0236104,71.8219597,102014.61923863196
21.0236104,72.0719597,74591.18984901177
21.2736104,71.3219597,157303.92397539635
21.2736104,71.5719597,129627.85312241735
21.2736104,71.8219597,102035.48275480414
21.2736104,72.0719597,74619.72129198948
21.5236104,71.3219597,162893.04839760158
21.5236104,71.5719597,136356.15506215
21.5236104,71.8219597,110457.50521902995
21.5236104,72.0719597,85777.17367633586
21.7736104,71.3219597,173546.3629650493
21.7736104,71.5719597,148920.09906478834
21.7736104,71.8219597,125638.59017573105
21.7736104,72.0719597,102985.03926504312
21.1271369,73.0898076,14361.171461506941
21.1271369,73.3398076,14787.735956256243
21.1271369,73.5898076,15128.98437066519
21.1271369,73.8398076,21444.422834006702
21.3771369,73.0898076,10176.5928821483
21.3771369,73.3398076,12018.95910036647
21.3771369,73.5898076,13928.954226828153
21.3771369,73.8398076,2548.3239865702153
21.6271369,73.0898076,15873.718647396794
21.6271369,73.3398076,26954.56746053894
21.6271369,73.5898076,29217.538239804504
21.6271369,73.8398076,21114.082128617898
21.8771369,73.0898076,6520.634162318218
21.8771369,73.3398076,1097.464587423642
21.8771369,73.5898076,4607.11765075209
21.8771369,73.8398076,3605.846805148911
21.1395746,72.8661964,9144.734227802355
21.1395746,73.1161964,11891.569677358231
21.1395746,73.3661964,14414.056111950977
21.1395746,73.6161964,13142.534609248245
21.3895746,72.8661964,15056.116507365517
21.3895746,73.1161964,12504.856107236585
21.3895746,73.3661964,13168.97802300653
21.3895746,73.6161964,14331.93814188677
21.6395746,72.8661964,32573.032889185964
21.6395746,73.1161964,13791.408027327352
21.6395746,73.3661964,27327.673089609958
21.6395746,73.6161964,26713.981821379926
21.8895746,72.8661964,30545.267541205023
21.8895746,73.1161964,5690.638459346162
21.8895746,73.3661964,2280.543349578457
21.8895746,73.6161964,2180.6555291145733
21.1029751,69.3538067,371874.4257177414
21.1029751,69.6038067,347893.4962561144
21.1029751,69.8538067,320067.2423366302
21.1029751,70.1038067,292241.677598278
21.3529751,69.3538067,344689.00979345373
21.3529751,69.6038067,348711.82253971754
21.3529751,69.8538067,320956.5236268668
21.3529751,70.1038067,293215.36209265067
21.6029751,69.3538067,317937.8450742659
21.6029751,69.6038067,331806.1273450642
21.6029751,69.8538067,324609.62251202157
21.6029751,70.1038067,297209.63230669
21.8529751,69.3538067,291755.4448884768
21.8529751,69.6038067,306809.5051254672
21.8529751,69.8538067,323561.2907586511
21.8529751,70.1038067,304120.73483945226
21.224718,70.8899959,204878.44069916414
21.224718,71.1399959,177080.708422837
21.224718,71.3899959,149294.95221391748
21.224718,71.6399959,121529.38676051548
21.474718,70.8899959,208362.4604094863
21.474718,71.1399959,181100.29469911868
21.474718,71.3899959,154041.30030978614
21.474718,71.6399959,127315.0866588904
21.724718,70.8899959,215980.11927451138
21.724718,71.1399959,189815.2094908231
21.724718,71.3899959,164198.7186766911
21.724718,71.6399959,139433.23959837624
21.974718,70.8899959,227336.82926113583
21.974718,71.1399959,200099.1704266663
21.974718,71.3899959,172811.42295485124
21.974718,71.6399959,145728.8627236549
21.220494,71.4605587,141423.7901209345
21.220494,71.7105587,113658.7244123266
21.220494,71.9605587,85935.59499249121
21.220494,72.2105587,58314.24326182197
21.470494,71.4605587,146322.30441805726
21.470494,71.7105587,119698.93062629129
21.470494,71.9605587,93778.7547622273
21.470494,72.2105587,69354.73542044146
21.720494,71.4605587,156883.22442112034
21.720494,71.7105587,132400.76785137874
21.720494,71.9605587,109528.9193743413
21.720494,72.2105587,87015.93811100426
21.970494,71.4605587,165255.04193604604
21.970494,71.7105587,138273.46291089177
21.970494,71.9605587,111708.88878806554
21.970494,72.2105587,85948.84962562453
21.209301,72.0893963,71531.84976972204
21.209301,72.3393963,43939.84127954868
21.209301,72.5893963,17135.267744473116
21.209301,72.8393963,2956.848155007265
21.459301,72.0893963,80288.80032291567
21.459301,72.3393963,57098.12236393479
21.459301,72.5893963,34886.756487050094
21.459301,72.8393963,23854.096233158667
21.709301,72.0893963,96840.62017680923
21.709301,72.3393963,75754.9025416028
21.709301,72.5893963,60402.884291690956
21.709301,72.8393963,32976.95132150122
21.959301,72.0893963,98806.57776150756
21.959301,72.3393963,73955.04287303929
21.959301,72.5893963,52201.15470537226
21.959301,72.8393963,35818.49843298164
21.2080427,72.4956936,26898.993239347634
21.2080427,72.7456936,5479.483553648232
21.2080427,72.9956936,10770.462574193714
21.2080427,73.2456936,4327.182739240426
21.4580427,72.4956936,42560.12503671962
21.4580427,72.7456936,26109.216451003464
21.4580427,72.9956936,17924.674900917664
21.4580427,73.2456936,24622.395033414854
21.7080427,72.4956936,65067.26672831318
21.7080427,72.7456936,43322.38611973354
21.7080427,72.9956936,16105.666858493445
21.7080427,73.2456936,12689.030528391508
21.9580427,72.4956936,59864.120676713435
21.9580427,72.7456936,42517.59012584912
21.9580427,72.9956936,20786.160398062566
21.9580427,73.2456936,2340.4385880700115
21.2346125,70.7004615,226009.16136274475
21.2346125,70.9504615,198212.47427588262
21.2346125,71.2004615,170426.61918272288
21.2346125,71.4504615,142657.92555041402
21.4846125,70.7004615,229326.53272951892
21.4846125,70.9504615,201986.88708037298
21.4846125,71.2004615,174802.03122362387
21.4846125,71.4504615,147857.368149847
21.7346125,70.7004615,236419.75553050736
21.7346125,70.9504615,210005.58264908363
21.7346125,71.2004615,184009.21800623607
21.7346125,71.4504615,158636.19860410527
21.9846125,70.7004615,246982.67709151297
21.9846125,70.9504615,220683.9289087751
21.9846125,71.2004615,193264.45219780353
21.9846125,71.4504615,165981.63789055118
21.2220402,69.9443401,310069.6744297743
21.2220402,70.1943401,282252.20596123114
21.2220402,70.4443401,254437.45040340553
21.2220402,70.6943401,226626.40665729766
21.4720402,69.9443401,312352.0287397156
21.4720402,70.1943401,284757.60679358704
21.4720402,70.4443401,257213.92463203726
21.4720402,70.6943401,229739.232720989
21.7220402,69.9443401,317453.9888010628
21.7220402,70.1943401,290344.8635238797
21.7220402,70.4443401,263386.1199313748
21.7220402,70.6943401,236629.16176819362
21.9720402,69.9443401,319245.45523534017
21.9720402,70.1943401,298856.8362087025
21.9720402,70.4443401,272740.750432493
21.9720402,70.6943401,246999.2489322444
21.2718836,71.6416449,121900.6909229585
21.2718836,71.8916449,94336.67576330426
21.2718836,72.1416449,66992.85013683184
21.2718836,72.3916449,40319.71197380496
21.5218836,71.6416449,128984.63449512707
21.5218836,71.8916449,103327.953054426
21.5218836,72.1416449,79153.64462741357
21.5218836,72.3916449,56415.66881524929
21.7718836,71.6416449,142157.6705700887
21.7718836,71.8916449,119348.58629285824
21.7718836,72.1416449,96847.89129430684
21.7718836,72.3916449,77871.34694490203
22.0218836,71.6416449,144234.48785769922
22.0218836,71.8916449,117200.34928005667
22.0218836,72.1416449,90649.10305111027
22.0218836,72.3916449,65173.62599536521
21.3926077,69.9972555,305453.438392382
21.3926077,70.2472555,277763.87882732926
21.3926077,70.4972555,250105.46848377184
21.3926077,70.7472555,222489.8244382864
21.6426077,69.9972555,309749.02917290566
21.6426077,70.2472555,282480.8496677821
21.6426077,70.4972555,255333.90572604304
21.6426077,70.7472555,228351.43972922166
21.8926077,69.9972555,316837.7279473819
21.8926077,70.2472555,290236.309248746
21.8926077,70.4972555,263888.4010156897
21.8926077,70.7472555,237878.2562650693
22.1426077,69.9972555,308500.5014318176
22.1426077,70.2472555,296568.84717175923
22.1426077,70.4972555,268785.71117953496
22.1426077,70.7472555,241013.35976372598
21.4907832,72.3706259,56294.128950291044
21.4907832,72.6206259,35668.34984751686
21.4907832,72.8706259,25398.881610474586
21.4907832,73.1206259,24192.317446387322
21.7407832,72.3706259,76332.48642548684
21.7407832,72.6206259,56918.082734580465
21.7407832,72.8706259,29108.593635603946
21.7407832,73.1206259,1988.9528687459965
21.9907832,72.3706259,69037.06505842986
21.9907832,72.6206259,47066.20436160393
21.9907832,72.8706259,34414.2417990517
21.9907832,73.1206259,14396.982240385838
22.2407832,72.3706259,59918.185715595726
22.2407832,72.6206259,32238.179548091863
22.2407832,72.8706259,6116.787597299808
22.2407832,73.1206259,11969.902179350775
21.5523055,72.6216703,41892.246452445215
21.5523055,72.8716703,31983.956274572764
21.5523055,73.1216703,24156.65964418003
21.5523055,73.3716703,32568.113446006377
21.8023055,72.6216703,57077.7178756268
21.8023055,72.8716703,29529.29184236595
21.8023055,73.1216703,3246.504257309024
21.8023055,73.3716703,10745.913907825206
22.0523055,72.6216703,41848.326735084636
22.0523055,72.8716703,27493.06163419545
22.0523055,73.1216703,19165.04858861993
22.0523055,73.3716703,11242.222765524195
22.3023055,72.6216703,31926.146753182515
22.3023055,72.8716703,4858.275111789614
22.3023055,73.1216703,8891.561301592388
22.3023055,73.3716703,36415.29375816424
21.6518623,71.3957058,160139.06707707164
21.6518623,71.6457058,134760.1889187854
21.6518623,71.8957058,110567.17351613817
21.6518623,72.1457058,87781.84146923151
21.9018623,71.3957058,173646.1453456429
21.9018623,71.6457058,147556.92783738545
21.9018623,71.8957058,121369.44727544411
21.9018623,72.1457058,96109.53199290606
22.1518623,71.3957058,168961.6178156701
22.1518623,71.6457058,141267.5491583924
22.1518623,71.8957058,113639.85315178051
22.1518623,72.1457058,86142.41482746386
22.4018623,71.3957058,168924.91775619477
22.4018623,71.6457058,141223.65237192885
22.4018623,71.8957058,113585.27971707794
22.4018623,72.1457058,86070.40825019633
21.5467098,71.1689617,180038.6357061967
21.5467098,71.4189617,153377.926460153
21.5467098,71.6689617,127218.98416625086
21.5467098,71.9189617,101948.78698728264
21.7967098,71.1689617,190169.37519431883
21.7967098,71.4189617,165152.26077794118
21.7967098,71.6689617,141191.89370194657
21.7967098,71.9189617,118412.5299978345
22.0467098,71.1689617,195511.2775821378
22.0467098,71.4189617,168012.62475565812
22.0467098,71.6689617,140644.33199237226
22.0467098,71.9189617,113500.73918122493
22.2967098,71.1689617,193525.85194216555
22.2967098,71.4189617,165698.03192985372
22.2967098,71.6689617,137871.04057677183
22.2967098,71.9189617,110045.50650901512
21.7176085,69.1578939,295916.61084206804
21.7176085,69.4078939,308809.9655661979
21.7176085,69.6578939,323588.5546841017
21.7176085,69.9078939,321303.38559199625
21.9676085,69.1578939,269099.7928649341
21.9676085,69.4078939,283216.6181224026
21.9676085,69.6578939,299261.7761596699
21.9676085,69.9078939,316942.5376761528
22.2176085,69.1578939,242978.8086604853
22.2176085,69.4078939,258525.928523251
22.2176085,69.6578939,276010.1693930111
22.2176085,69.9078939,295087.4025212154
22.4676085,69.1578939,217825.38307842094
22.4676085,69.4078939,235042.23402189065
22.4676085,69.6578939,254147.2204521442
22.4676085,69.9078939,274746.740075128
21.7143736,69.8834253,323884.55479226384
21.7143736,70.1334253,296726.9462266365
21.7143736,70.3834253,269706.43305230356
21.7143736,70.6334253,242868.77747338745
21.9643736,69.8834253,315440.3084454976
21.9643736,70.1334253,304970.0750886155
21.9643736,70.3834253,278749.7553583989
21.9643736,70.6334253,252873.70198181606
22.2143736,69.8834253,293434.068366087
22.2143736,70.1334253,308885.7156222434
22.2143736,70.3834253,281065.417946597
22.2143736,70.6334253,253247.224356625
22.4643736,69.8834253,272927.8090504736
22.4643736,70.1334253,294587.7565335875
22.4643736,70.3834253,281847.4585840715
22.4643736,70.6334253,254114.8901366061
21.7424747,68.4671448,269239.53734519327
21.7424747,68.7171448,275693.6547703035
21.7424747,68.9671448,284733.3098184508
21.7424747,69.2171448,296121.8124160087
21.9924747,68.4671448,239821.22887275644
21.9924747,68.7171448,247045.10646599057
21.9924747,68.9671448,257094.05101704554
21.9924747,69.2171448,269652.40799356333
22.2424747,68.4671448,210512.1640527065
22.2424747,68.7171448,218706.27340089538
22.2424747,68.9671448,229996.74011704992
22.2424747,69.2171448,243954.03364741016
22.4924747,68.4671448,181390.86081781803
22.4924747,68.7171448,190839.48018945826
22.4924747,68.9671448,203680.56765078308
22.4924747,69.2171448,219319.04547238292
21.7412214,72.5855259,60822.70568755004
21.7412214,72.8355259,33008.536758416194
21.7412214,73.0855259,5359.953313069854
21.7412214,73.3355259,15496.853742130786
21.9912214,72.5855259,49762.05885751421
21.9912214,72.8355259,35452.7468920165
21.9912214,73.0855259,17866.184235374847
21.9912214,73.3355259,8637.634370417727
22.2412214,72.5855259,36103.94683191492
22.2412214,72.8355259,9172.226408697961
22.2412214,73.0855259,8781.857540711462
22.2412214,73.3355259,32876.586231564295
22.4912214,72.5855259,43842.22749020616
22.4912214,72.8355259,25205.34274245402
22.4912214,73.0855259,462.1449753658903
22.4912214,73.3355259,20794.728737880254
21.8166806,72.1243126,101849.18442551629
21.8166806,72.3743126,81233.02371664802
21.8166806,72.6243126,56987.484644781514
21.8166806,72.8743126,29327.453213999932
22.0666806,72.1243126,90811.85510807415
22.0666806,72.3743126,64573.55098800327
22.0666806,72.6243126,40517.86735552352
22.0666806,72.8743126,25742.0918281449
22.3166806,72.1243126,87284.58662373007
22.3166806,72.3743126,59510.91934347715
22.3166806,72.6243126,31835.571440534615
22.3166806,72.8743126,5458.3096159776915
22.5666806,72.1243126,93813.13192466009
22.5666806,72.3743126,68725.71045666903
22.5666806,72.6243126,46156.833444051466
22.5666806,72.8743126,25666.787949827907
21.8598858,71.2169084,188606.9598071396
21.8598858,71.4669084,164257.54690460107
21.8598858,71.7169084,141200.21873691154
21.8598858,71.9669084,116143.8697151299
22.1098858,71.2169084,189266.72132195663
22.1098858,71.4669084,161624.7278871856
22.1098858,71.7169084,134060.4981270008
22.1098858,71.9669084,106634.35319033812
22.3598858,71.2169084,188430.08143591686
22.3598858,71.4669084,160644.1920972864
22.3598858,71.7169084,132876.71334000796
22.3598858,71.9669084,105142.23257238188
22.6098858,71.2169084,192359.2549832635
22.6098858,71.4669084,165235.4194546671
22.6098858,71.7169084,138392.22642841097
22.6098858,71.9669084,112031.58687653567
21.9516351,72.5671647,54568.47138381103
21.9516351,72.8171647,37788.207342726506
21.9516351,73.0671647,14919.954650041269
21.9516351,73.3171647,5452.767259911792
22.2016351,72.5671647,38982.21916190617
22.2016351,72.8171647,13655.837928171353
22.2016351,73.0671647,10777.415998583449
22.2016351,73.3171647,29421.054786060347
22.4516351,72.5671647,43215.159774189415
22.4516351,72.8171647,21818.811325264334
22.4516351,73.0671647,894.7880074816384
22.4516351,73.3171647,22939.073407135435
22.7016351,72.5671647,62546.09899447391
22.7016351,72.8171647,39454.03033035565
22.7016351,73.0671647,17128.384685033092
22.7016351,73.3171647,7410.281857129203
22.0494312,70.9820838,216080.31309021963
22.0494312,71.2320838,188510.97034304455
22.0494312,71.4820838,161031.28206343728
22.0494312,71.7320838,133696.54182184773
22.2994312,70.9820838,214331.3910513413
22.2994312,71.2320838,186503.6981523741
22.2994312,71.4820838,158676.7698430679
22.2994312,71.7320838,130851.09391960283
22.5494312,70.9820838,216783.33946583729
22.5494312,71.2320838,189316.40315743728
22.5494312,71.4820838,161973.4187074762
22.5494312,71.7320838,134829.81814092232
22.7994312,70.9820838,223319.80352060663
22.7994312,71.2320838,196767.4233174568
22.7994312,71.4820838,170622.70289240323
22.7994312,71.7320838,145106.16194509482
22.0660006,71.2899425,181851.3712038533
22.0660006,71.5399425,154347.3434078878
22.0660006,71.7899425,126985.38204940049
22.0660006,72.0399425,99882.30934555648
22.3160006,71.2899425,180102.23738835598
22.3160006,71.5399425,152282.62251695865
22.3160006,71.7899425,124467.59400664207
22.3160006,72.0399425,96661.11122768823
22.5660006,71.2899425,183341.71039368055
22.5660006,71.5399425,156100.4932036764
22.5660006,71.7899425,129110.60690582622
22.5660006,72.0399425,102570.645320969
22.8160006,71.2899425,191342.24556322384
22.8160006,71.5399425,165423.8076744936
22.8160006,71.7899425,140239.8694476275
22.8160006,72.0399425,116114.75222980183
22.7452165,71.9966223,115926.12484801462
22.7452165,72.2466223,92279.43726081192
22.7452165,72.4966223,71615.71969733844
22.7452165,72.7466223,48900.87342028116
22.9952165,71.9966223,132782.87191267242
22.9952165,72.2466223,111875.69525278709
22.9952165,72.4966223,87916.3613131306
22.9952165,72.7466223,62083.76783534377
23.2452165,71.9966223,150742.8937350964
23.2452165,72.2466223,125378.15466520088
23.2452165,72.4966223,101314.03662769611
23.2452165,72.7466223,79739.51339928317
23.4952165,71.9966223,164526.76616458918
23.4952165,72.2466223,141650.64597916618
23.4952165,72.4966223,118300.73746721697
23.4952165,72.7466223,94867.15600320882
22.1153934,70.4495617,274299.89620369754
22.1153934,70.6995617,246549.39186820725
22.1153934,70.9495617,218819.04814850332
22.1153934,71.1995617,191117.64090072885
22.3653934,70.4495617,273796.0100250573
22.3653934,70.6995617,245988.66778545882
22.3653934,70.9495617,218187.0708380747
22.3653934,71.1995617,190393.7360097279
22.6153934,70.4495617,276587.19416845276
22.6153934,70.6995617,249091.64086978303
22.6153934,70.9495617,221679.54067354786
22.6153934,71.1995617,194386.2021442831
22.8653934,70.4495617,282593.2925797151
22.8653934,70.6995617,255744.28358082226
22.8653934,70.9495617,229129.46512027262
22.8653934,71.1995617,202841.04273333136
22.1562177,70.2486911,296323.5202644037
22.1562177,70.4986911,268531.5644050597
22.1562177,70.7486911,240748.36890533264
22.1562177,70.9986911,212977.3621964014
22.4062177,70.2486911,296355.77327613207
22.4062177,70.4986911,268567.15505443775
22.4062177,70.7486911,240788.06619677777
22.4062177,70.9986911,213022.2347557711
22.6562177,70.2486911,292019.4371533324
22.6562177,70.4986911,271958.5072896849
22.6562177,70.7486911,244564.93153349482
22.6562177,70.9986911,217282.27128217806
22.9062177,70.2486911,277199.3920802798
22.9062177,70.4986911,278600.8730233871
22.9062177,70.7486911,251930.59063587905
22.9062177,70.9986911,225540.6885147376
22.1925104,69.8054102,289284.2854043638
22.1925104,70.0554102,309021.6374888758
22.1925104,70.3054102,289828.8633000187
22.1925104,70.5554102,262018.6535127076
22.4425104,69.8054102,268169.63055250235
22.4425104,70.0554102,289350.86902419763
22.4425104,70.3054102,290314.68829750206
22.4425104,70.5554102,262555.94266385806
22.6925104,69.8054102,248873.835206752
22.6925104,70.0554102,271564.284295469
22.6925104,70.3054102,293904.55799704505
22.6925104,70.5554102,266519.9692298305
22.9425104,69.8054102,231872.2279226268
22.9425104,70.0554102,256073.63147383087
22.9425104,70.3054102,280947.8297111365
22.9425104,70.5554102,273780.0649868086
22.1895535,72.3713603,60617.34919156677
22.1895535,72.6213603,33587.56640780415
22.1895535,72.8713603,11436.338583399276
22.1895535,73.1213603,15967.840636023393
22.4395535,72.3713603,62728.76379331187
22.4395535,72.6213603,37247.540771704094
22.4395535,72.8713603,18012.176517464264
22.4395535,73.1213603,5288.968067793916
22.6895535,72.3713603,77139.05988501247
22.6895535,72.6213603,57384.20204955257
22.6895535,72.8713603,33790.139438528495
22.6895535,73.1213603,12579.487673816931
22.9395535,72.3713603,96582.74847641471
22.9395535,72.6213603,72621.99631032713
22.9395535,72.8713603,46655.35540024681
22.9395535,73.1213603,24340.50645098769
22.210552,71.1784206,192634.76598423885
22.210552,71.4284206,164834.28940298347
22.210552,71.6784206,137045.745971846
22.210552,71.9284206,109278.23957120726
22.460552,71.1784206,193702.56982048487
22.460552,71.4284206,166080.93042924543
22.460552,71.6784206,138542.6612211455
22.460552,71.9284206,111149.74643713556
22.710552,71.1784206,199372.39279262454
22.710552,71.4284206,172660.18911445863
22.710552,71.6784206,146365.07244227992
22.710552,71.9284206,120759.80948078826
22.960552,71.1784206,209294.29154600907
22.960552,71.4284206,184027.96084000356
22.960552,71.6784206,159577.20175114
22.960552,71.9284206,136226.3341081209
22.226607,71.9411863,107731.86034109228
22.226607,72.1911863,79965.31109588382
22.226607,72.4411863,52266.16356286007
22.226607,72.6911863,24860.73927514727
22.476607,71.9411863,110159.08146319207
22.476607,72.1911863,83206.49298536177
22.476607,72.4411863,57101.850669143976
22.476607,72.6911863,33312.9661456848
22.726607,71.9411863,120335.60822371226
22.726607,72.1911863,96116.23611985781
22.726607,72.4411863,74217.01524433153
22.726607,72.6911863,52698.16849222125
22.976607,71.9411863,136239.66004945192
22.976607,72.1911863,115247.888690032
22.976607,72.4411863,92750.92315617578
22.976607,72.6911863,66871.27143744052
22.3532503,72.4953586,46730.54074217324
22.3532503,72.7453586,20142.003348897102
22.3532503,72.9953586,5602.001141135781
22.3532503,73.2453586,21668.2720126429
22.6032503,72.4953586,59852.92549427282
22.6032503,72.7453586,40662.8735778741
22.6032503,72.9953586,16542.786484801967
22.6032503,73.2453586,4174.305189963206
22.8532503,72.4953586,79310.76701135183
22.8532503,72.7453586,56228.06844585412
22.8532503,72.9953586,29886.949321366366
22.8532503,73.2453586,8438.805427912537
23.1032503,72.4953586,92957.16386486034
23.1032503,72.7453586,68753.6209200066
23.1032503,72.9953586,48403.71228033942
23.1032503,73.2453586,22422.39275723838
22.3201982,72.4386868,52407.64983809686
22.3201982,72.6886868,24847.119088517302
22.3201982,72.9386868,3587.6991536153437
22.3201982,73.1886868,15957.067793349017
22.5701982,72.4386868,62748.25527633655
22.5701982,72.6886868,41721.63391672955
22.5701982,72.9386868,19348.369976716596
22.5701982,73.1886868,3606.9703441579
22.8201982,72.4386868,82653.7230458515
22.8201982,72.6886868,59439.7459653657
22.8201982,72.9386868,34740.92895889004
22.8201982,73.1886868,8700.150064178522
23.0701982,72.4386868,97172.83873468898
23.0701982,72.6886868,71972.57609361885
23.0701982,72.9386868,49638.11155523282
23.0701982,73.1886868,27177.26702297141
22.3003959,70.386232,280658.91650893557
22.3003959,70.636232,252830.3883016214
22.3003959,70.886232,225002.19267895428
22.3003959,71.136232,197174.47045886508
22.5503959,70.386232,282548.22800254717
22.5503959,70.636232,254926.02648642677
22.5503959,70.886232,227354.48190380362
22.5503959,71.136232,199854.56094906505
22.8003959,70.386232,287606.08557458286
22.8003959,70.636232,260520.70607211487
22.8003959,70.886232,233610.40163892932
22.8003959,71.136232,206943.48224647826
23.0503959,70.386232,283925.62339021306
23.0503959,70.636232,269415.1220196056
23.0503959,70.886232,243489.81382067624
23.0503959,71.136232,218034.5718569057
22.3278859,71.8684741,115796.01541143833
22.3278859,72.1184741,88014.13854966764
22.3278859,72.3684741,60276.55939852001
22.3278859,72.6184741,32696.21186033126
22.5778859,71.8684741,121129.67971584912
22.5778859,72.1184741,94921.91900471784
22.5778859,72.3684741,69958.8015642498
22.5778859,72.6184741,47573.01590148244
22.8278859,71.8684741,133254.4570650128
22.8278859,72.1184741,109688.42476498742
22.8278859,72.3684741,88605.07427184089
22.8278859,72.6184741,66311.31427364836
23.0778859,71.8684741,150159.29613473552
23.0778859,72.1184741,129287.36218049386
23.0778859,72.3684741,104766.21697067561
23.0778859,72.6184741,79297.20905085708
22.4194099,73.6342725,52225.358017622064
22.4194099,73.8842725,60856.380464483496
22.4194099,74.1342725,55603.017669254405
22.4194099,74.3842725,46004.726862822274
22.6694099,73.6342725,35177.393233239185
22.6694099,73.8842725,60335.29470806334
22.6694099,74.1342725,81797.50028332374
22.6694099,74.3842725,65680.98260290734
22.9194099,73.6342725,23228.18943913567
22.9194099,73.8842725,43438.10761316976
22.9194099,74.1342725,55975.18363717957
22.9194099,74.3842725,53332.53864948327
23.1694099,73.6342725,4055.464877857006
23.1694099,73.8842725,15724.230006677635
23.1694099,74.1342725,31327.7194007758
23.1694099,74.3842725,37713.61212000316
21.5952121,72.9721107,26010.605191571936
21.5952121,73.2221107,21494.15237638338
21.5952121,73.4721107,37949.95361388182
21.5952121,73.7221107,24489.407437725917
21.8452121,72.9721107,18259.571429533724
21.8452121,73.2221107,1804.5007999416885
21.8452121,73.4721107,10912.601491443602
21.8452121,73.7221107,456.7643247219321
22.0952121,72.9721107,20077.646433900863
22.0952121,73.2221107,19020.250009580875
22.0952121,73.4721107,13218.955129614964
22.0952121,73.7221107,23455.32498482422
22.3452121,72.9721107,7944.204162634191
22.3452121,73.2221107,19449.769548122356
22.3452121,73.4721107,43180.84252084368
22.3452121,73.7221107,48231.50235619661
22.3724876,71.2763542,181909.72661414664
22.3724876,71.5263542,154143.23384809023
22.3724876,71.7763542,126404.62046250307
22.3724876,72.0263542,98717.39074854717
22.6224876,71.2763542,186222.8307371077
22.6224876,71.5263542,159210.33443861274
22.6224876,71.7763542,132536.49355999025
22.6224876,72.0263542,106456.17542965384
22.8724876,71.2763542,195164.7817909184
22.8724876,71.5263542,169582.66407805445
22.8724876,71.7763542,144831.87318036277
22.8724876,72.0263542,121169.71555873309
23.1224876,71.2763542,208164.0721708183
23.1224876,71.5263542,184245.15155425013
23.1224876,71.7763542,161545.04336370688
23.1224876,72.0263542,140699.43080312992
22.3985648,72.4908519,48556.46740844203
22.3985648,72.7408519,23264.114830787465
22.3985648,72.9908519,7003.960970546617
22.3985648,73.2408519,19468.830612185815
22.6485648,72.4908519,63747.75892680436
22.6485648,72.7408519,43245.92760112803
22.6485648,72.9908519,20061.90428406864
22.6485648,73.2408519,494.2202009678146
22.8985648,72.4908519,82841.42667421787
22.8985648,72.7408519,58451.23164750973
22.8985648,72.9908519,32518.39934093309
22.8985648,73.2408519,13845.314653293963
23.1485648,72.4908519,95849.74992243228
23.1485648,72.7408519,72424.2849974395
23.1485648,72.9908519,50898.70475004816
23.1485648,73.2408519,25644.58468257979
22.4561711,72.8370129,21259.416446719948
22.4561711,73.0870129,1028.9214679420818
22.4561711,73.3370129,24097.667459255284
22.4561711,73.5870129,45458.635820443524
22.7061711,72.8370129,38022.13386052633
22.7061711,73.0870129,16293.025722100889
22.7061711,73.3370129,9675.046114405437
22.7061711,73.5870129,28354.891940447622
22.9561711,72.8370129,50969.094674493135
22.9561711,73.0870129,28297.874297267514
22.9561711,73.3370129,6907.954660164676
22.9561711,73.5870129,16441.15339270433
23.2061711,72.8370129,69337.60787320003
23.2061711,73.0870129,43834.709613246145
23.2061711,73.3370129,23653.972791153494
23.2061711,73.5870129,1375.6239549262593
22.4914292,70.9663753,217578.9750412915
22.4914292,71.2163753,189970.9570447947
22.4914292,71.4663753,162438.6723961406
22.4914292,71.7163753,135028.4551046005
22.7414292,70.9663753,223146.29843393175
22.7414292,71.2163753,196322.75631026985
22.7414292,71.4663753,169823.38594718653
22.7414292,71.7163753,143827.47933785632
22.9914292,70.9663753,232540.87366763136
22.9914292,71.2163753,206938.66740317421
22.9914292,71.4663753,181991.6751829793
22.9914292,71.7163753,157887.8958848065
23.2414292,70.9663753,245344.1570801546
23.2414292,71.2163753,221154.75547519745
23.2414292,71.4663753,197836.59234229336
23.2414292,71.7163753,175835.75375541826
22.5215374,72.0800568,96623.6753503008
22.5215374,72.3300568,70603.65088327453
22.5215374,72.5800568,46393.7646602771
22.5215374,72.8300568,28598.346920126452
22.7715374,72.0800568,109478.76049040076
22.7715374,72.3300568,86987.77793099692
22.7715374,72.5800568,66073.67762582921
22.7715374,72.8300568,42893.26492972987
23.0215374,72.0800568,127901.04162414874
23.0215374,72.3300568,106041.32764903827
23.0215374,72.5800568,80378.47232963513
23.0215374,72.8300568,55432.192651657264
23.2715374,72.0800568,143473.49895994563
23.2715374,72.3300568,118732.70399775669
23.2715374,72.5800568,95704.06847275351
23.2715374,72.8300568,72942.49501305708
22.5232402,72.5727531,47174.413872838035
22.5232402,72.8227531,29316.433301259232
22.5232402,73.0727531,3801.2919542858504
22.5232402,73.3227531,17076.5603698526
22.7732402,72.5727531,66877.63124027204
22.7732402,72.8227531,43691.62882977424
22.7732402,73.0727531,19100.844750403103
22.7732402,73.3227531,2114.693565644705
23.0232402,72.5727531,81208.94647713758
23.0232402,72.8227531,56231.134402132535
23.0232402,73.0727531,35728.246894758435
23.0232402,73.3227531,11365.536907090845
23.2732402,72.5727531,96468.89828311968
23.2732402,72.8227531,73768.87276987337
23.2732402,73.0727531,49671.627346537985
23.2732402,73.3227531,30234.528094211855
22.5182418,70.6833818,249243.4438903701
22.5182418,70.9333818,221624.04343642585
22.5182418,71.1833818,194064.78960568475
22.5182418,71.4333818,166595.53454128385
22.7682418,70.6833818,254502.3669830027
22.7682418,70.9333818,227522.25628876328
22.7682418,71.1833818,200774.25891363065
22.7682418,71.4333818,174365.22763072632
23.0182418,70.6833818,263152.0943273982
23.0182418,70.9333818,237158.06344224227
23.0182418,71.1833818,211631.45558083404
23.0182418,71.4333818,186764.02907321294
23.2682418,70.6833818,274891.2680376334
23.2682418,70.9333818,250120.23418771365
23.2682418,71.1833818,225978.85221741046
23.2682418,71.4333818,202711.38311625857
20.6598605,69.8071313,330380.2856657542
20.6598605,70.0571313,303024.90031210746
20.6598605,70.3071313,275764.48446191824
20.6598605,70.5571313,248630.27812545822
20.9098605,69.8071313,326456.3397678592
20.9098605,70.0571313,298741.85985095095
20.9098605,70.3071313,271051.0274996022
20.9098605,70.5571313,243391.91403739215
21.1598605,69.8071313,325220.9339054021
21.1598605,70.0571313,297391.34638196725
21.1598605,70.3071313,269561.8177418013
21.1598605,70.5571313,241732.3683217853
21.4098605,69.8071313,326718.23720216344
21.4098605,70.0571313,299028.0314168998
21.4098605,70.3071313,271366.4022211506
21.4098605,70.5571313,243743.07900871045
22.6290668,73.111114,7445.856564724359
22.6290668,73.361114,13581.836809546856
22.6290668,73.611114,36022.615924183214
22.6290668,73.861114,59751.43626900981
22.8790668,73.111114,19876.85131404756
22.8790668,73.361114,799.3723411901191
22.8790668,73.611114,22965.938737009947
22.8790668,73.861114,44865.85561539137
23.1290668,73.111114,37447.32991004176
23.1290668,73.361114,14276.595601471896
23.1290668,73.611114,6167.301140725736
23.1290668,73.861114,18512.55097823383
23.3790668,73.111114,55332.55317172152
23.3790668,73.361114,33814.01701112515
23.3790668,73.611114,16890.662250037676
23.3790668,73.861114,5738.680233779765
22.6909514,71.2959976,186123.62098637866
22.6909514,71.5459976,159476.33362014135
22.6909514,71.7959976,133313.17755411123
22.6909514,72.0459976,107986.61612919773
22.9409514,71.2959976,196349.73421302982
22.9409514,71.5459976,171300.66205759082
22.9409514,71.7959976,147137.28321093647
22.9409514,72.0459976,124380.94586859745
23.1909514,71.2959976,210408.50860042864
23.1909514,71.5459976,187069.43314798665
23.1909514,71.7959976,165127.85583895686
23.1909514,72.0459976,143182.764903349
23.4409514,71.2959976,227453.5445555749
23.4409514,71.5459976,206054.23377777828
23.4409514,71.7959976,180859.17600530715
23.4409514,72.0459976,156405.93567298484
22.6927742,73.3959255,14214.21089469313
22.6927742,73.6459255,34842.99554545201
22.6927742,73.8959255,60637.95002595936
22.6927742,74.1459255,79943.73722846514
22.9427742,73.3959255,1157.930830768782
22.9427742,73.6459255,21905.20182353854
22.9427742,73.8959255,41044.128282559825
22.9427742,74.1459255,54062.69772247258
23.1927742,73.3959255,18875.354903228843
23.1927742,73.6459255,1761.8383779506016
23.1927742,73.8959255,14305.457899822866
23.1927742,74.1459255,30442.356859081854
23.4427742,73.3959255,37082.7500057353
23.4427742,73.6459255,22710.07934241972
23.4427742,73.8959255,10280.950616914346
23.4427742,74.1459255,16090.913806887602
22.7248593,72.7153042,50340.02972306254
22.7248593,72.9653042,27343.034850371776
22.7248593,73.2153042,3417.10113109721
22.7248593,73.4653042,16175.128091072922
22.9748593,72.7153042,64306.493420492465
22.9748593,72.9653042,39806.08523053471
22.9748593,73.2153042,19500.161545927833
22.9748593,73.4653042,3914.6409654496433
23.2248593,72.7153042,80561.99694822147
23.2248593,72.9653042,56900.15922419456
23.2248593,73.2153042,33778.246010849834
23.2248593,73.4653042,13344.988426560882
23.4748593,72.7153042,96255.3765946326
23.4748593,72.9653042,74882.18668472572
23.4748593,73.2153042,53603.8319443109
23.4748593,73.4653042,35892.332470686786
22.7452165,71.9966223,115926.12484801462
22.7452165,72.2466223,92279.43726081192
22.7452165,72.4966223,71615.71969733844
22.7452165,72.7466223,48900.87342028116
22.9952165,71.9966223,132782.87191267242
22.9952165,72.2466223,111875.69525278709
22.9952165,72.4966223,87916.3613131306
22.9952165,72.7466223,62083.76783534377
23.2452165,71.9966223,150742.8937350964
23.2452165,72.2466223,125378.15466520088
23.2452165,72.4966223,101314.03662769611
23.2452165,72.7466223,79739.51339928317
23.4952165,71.9966223,164526.76616458918
23.4952165,72.2466223,141650.64597916618
23.4952165,72.4966223,118300.73746721697
23.4952165,72.7466223,94867.15600320882
21.7480573,68.4765526,268775.90532974666
21.7480573,68.7265526,275346.7649382048
21.7480573,68.9765526,284499.90908057254
21.7480573,69.2265526,295995.876999297
21.9980573,68.4765526,239383.28845083687
21.9980573,68.7265526,246738.14554228666
21.9980573,68.9765526,256912.57223142212
21.9980573,69.2265526,269587.51956330356
22.2480573,68.4765526,210107.80838653984
22.2480573,68.7265526,218450.55463675296
22.2480573,68.9765526,229880.40831272257
22.2480573,69.2265526,243963.85605198354
22.4980573,68.4765526,181031.92118191652
22.4980573,68.7265526,190651.27894384996
22.4980573,68.9765526,203647.40967624594
22.4980573,69.2265526,219421.12113826608
22.8594332,72.9649753,33304.42864760701
22.8594332,73.2149753,10597.621803973227
22.8594332,73.4649753,9861.295881549191
22.8594332,73.7149753,34416.07759721631
23.1094332,72.9649753,51246.677561818804
23.1094332,73.2149753,25814.333813806068
23.1094332,73.4649753,6491.089081173603
23.1094332,73.7149753,14307.967726009845
23.3594332,72.9649753,65554.9170764276
23.3594332,73.2149753,45561.75932897799
23.3594332,73.4649753,24385.30734709455
23.3594332,73.7149753,11549.812936272681
23.6094332,72.9649753,85523.0117855296
23.6094332,73.2149753,65459.167991835304
23.6094332,73.4649753,49233.4363797187
23.6094332,73.7149753,35837.777382815984
21.748927,68.4673115,268482.7446719493
21.748927,68.7173115,274956.5054203234
21.748927,68.9673115,284021.4414232467
21.748927,69.2173115,295439.13439510786
21.998927,68.4673115,239066.98200413559
21.998927,68.7173115,246315.07783921572
21.998927,68.9673115,256394.65065816275
21.998927,69.2173115,268987.58304076636
22.248927,68.4673115,209762.13278138003
22.248927,68.7173115,217986.80702135744
22.248927,68.9673115,229314.9523047918
22.248927,69.2173115,243313.4815305983
22.498927,68.4673115,180647.85744861996
22.498927,68.7173115,190136.11989085644
22.498927,68.9673115,203024.24338569163
22.498927,69.2173115,218712.0169225377
22.925103,72.1583024,113600.3816509933
22.925103,72.4083024,92202.30570296041
22.925103,72.6583024,68176.3321236579
22.925103,72.9083024,42189.62191322087
23.175103,72.1583024,130869.12073848289
23.175103,72.4083024,105485.47724109965
23.175103,72.6583024,81693.39328094147
23.175103,72.9083024,60627.86329335784
23.425103,72.1583024,144766.56211315843
23.425103,72.4083024,122290.54940683595
23.425103,72.6583024,98437.5739504108
23.425103,72.9083024,75474.77071523409
23.675103,72.1583024,161833.40478851023
23.675103,72.4083024,138197.42652125648
23.675103,72.6583024,116403.92328991643
23.675103,72.9083024,95414.0223865441
22.9372086,72.3518061,98236.94717458036
22.9372086,72.6018061,74619.02224194615
22.9372086,72.8518061,48528.06716434526
22.9372086,73.1018061,25486.33481771236
23.1872086,72.3518061,111763.48657623533
23.1872086,72.6018061,87679.24289015745
23.1872086,72.8518061,66582.47490680432
23.1872086,73.1018061,41275.495522829166
23.4372086,72.3518061,128094.29682601172
23.4372086,72.6018061,104649.9627025636
23.4372086,72.8518061,81289.90003724553
23.4372086,73.1018061,61170.032499240624
23.6872086,72.3518061,144221.57759616774
23.6872086,72.6018061,122095.42567162693
23.6872086,72.8518061,101271.82133575971
23.6872086,73.1018061,80880.14901619709
21.7492551,68.458981,268275.3574742737
21.7492551,68.708981,274660.05755370285
21.7492551,68.958981,283643.4921369904
21.7492551,69.208981,294988.3348146825
21.9992551,68.458981,238838.92352690917
21.9992551,68.708981,245988.84360667007
21.9992551,68.958981,255980.45744784968
21.9992551,69.208981,268496.70694495057
22.2492551,68.458981,209507.75680658143
22.2492551,68.708981,217623.48207300538
22.2492551,68.958981,228856.86217774483
22.2492551,69.208981,242775.51443857668
22.4992551,68.458981,180358.93884051492
22.4992551,68.708981,189725.6614354806
22.4992551,68.958981,202512.49349952268
22.4992551,69.208981,218118.7682627666
23.1015557,71.8867981,150411.65306285297
23.1015557,72.1367981,129199.78314971297
23.1015557,72.3867981,103955.97418986357
23.1015557,72.6367981,78868.95628144094
23.3515557,71.8867981,167072.06765453643
23.3515557,72.1367981,142226.76321556038
23.3515557,72.3867981,118713.23510037924
23.3515557,72.6367981,96541.35297750056
23.6015557,71.8867981,181781.8823556488
23.6015557,72.1367981,159248.3253826426
23.6015557,72.3867981,135344.26992557646
23.6015557,72.6367981,112438.03567838132
23.8515557,71.8867981,198724.69284417425
23.8515557,72.1367981,175264.76187162625
23.8515557,72.3867981,153274.17783382218
23.8515557,72.6367981,132432.77104654748
23.3362255,72.5114616,106571.88721536934
23.3362255,72.7614616,83217.35159732404
23.3362255,73.0114616,59756.075479633844
23.3362255,73.2614616,39671.43137321307
23.5862255,72.5114616,122626.58101094926
23.5862255,72.7614616,100644.56158102008
23.5862255,73.0114616,79704.55025413775
23.5862255,73.2614616,60007.65675771113
23.8362255,72.5114616,141708.80564051474
23.8362255,72.7614616,120543.72310372385
23.8362255,73.0114616,101146.6551397584
23.8362255,73.2614616,84611.47701932055
24.0862255,72.5114616,149290.31646751123
24.0862255,72.7614616,129136.79896639145
24.0862255,73.0114616,112312.20206376526
24.0862255,73.2614616,100502.4987069814
23.5310837,72.5484016,115536.28849978515
23.5310837,72.7984016,93135.22088163199
23.5310837,73.0484016,72391.81052952963
23.5310837,73.2984016,52207.49762199994
23.7810837,72.5484016,134125.32012415567
23.7810837,72.7984016,113051.7955309423
23.7810837,73.0484016,93367.86245973659
23.7810837,73.2984016,76748.26968860345
24.0310837,72.5484016,150633.41027614742
24.0310837,72.7984016,131559.94574311547
24.0310837,73.0484016,116080.22219676276
24.0310837,73.2984016,98001.9917465671
24.2810837,72.5484016,131846.64360107816
24.2810837,72.7984016,109549.6803344449
24.2810837,73.0484016,90375.50067743684
24.2810837,73.2984016,76702.89051153981
23.6709794,71.9366375,182051.94108945937
23.6709794,72.1866375,158838.49985730712
23.6709794,72.4366375,135328.16232945118
23.6709794,72.6866375,113736.7441770167
23.9209794,71.9366375,198458.94587622967
23.9209794,72.1866375,175843.65798072537
23.9209794,72.4366375,154861.29633729212
23.9209794,72.6866375,133628.82941341327
24.1709794,71.9366375,197981.93088231195
24.1709794,72.1866375,173274.1779518732
24.1709794,72.4366375,149666.42964511007
24.1709794,72.6866375,127769.88381203805
24.4209794,71.9366375,186887.65874979613
24.4209794,72.1866375,160480.81748916008
24.4209794,72.4366375,134648.40214353224
24.4209794,72.6866375,109796.60853793891
23.7594977,71.6803348,211558.4730887169
23.7594977,71.9303348,189024.95181852166
23.7594977,72.1803348,165004.3018925476
23.7594977,72.4303348,142377.70367901117
24.0094977,71.6803348,228329.68111639525
24.0094977,71.9303348,205137.580377069
24.0094977,72.1803348,183241.40939212128
24.0094977,72.4303348,162221.3445272651
24.2594977,71.6803348,220193.16764282982
24.2594977,71.9303348,194226.8560629499
24.2594977,72.1803348,168855.31020498343
24.2594977,72.4303348,144392.39447267723
24.5094977,71.6803348,211832.77753030544
24.5094977,71.9303348,184694.79195613062
24.5094977,72.1803348,157798.0048797883
24.5094977,72.4303348,131290.73897717896
23.8897272,71.1292685,272041.9376599441
23.8897272,71.3792685,248250.93722455305
23.8897272,71.6292685,225386.87505879806
23.8897272,71.8792685,201825.77765086028
24.1397272,71.1292685,282955.0689111051
24.1397272,71.3792685,256686.96259908593
24.1397272,71.6292685,230785.2381392927
24.1397272,71.8792685,205388.5565129779
24.3897272,71.1292685,274884.9894746886
24.3897272,71.3792685,247762.7558459018
24.3897272,71.6292685,220816.6944753531
24.3897272,71.8792685,194120.1832950302
24.6397272,71.1292685,270037.651216702
24.6397272,71.3792685,242373.59348841925
24.6397272,71.6292685,214752.38810116873
24.6397272,71.8792685,187193.0052075389
22.7472446,69.168339,192105.79671090824
22.7472446,69.418339,211580.50331230016
22.7472446,69.668339,232759.50090737204
22.7472446,69.918339,255218.85661569127
22.9972446,69.168339,170667.2103434189
22.9972446,69.418339,192325.16459984705
22.9972446,69.668339,215405.76784088425
22.9972446,69.918339,239498.06748425504
23.2472446,69.168339,152201.43013000832
23.2472446,69.418339,176144.6779938959
23.2472446,69.668339,201091.08251321324
23.2472446,69.918339,226709.7328654149
23.4972446,69.168339,137944.39096763136
23.4972446,69.418339,163982.70412267328
23.4972446,69.668339,190528.22135354875
23.4972446,69.918339,217395.22221456186
21.378069,73.0039695,8384.660197768533
21.378069,73.2539695,15791.755406984843
21.378069,73.5039695,12517.264968641439
21.378069,73.7539695,4177.453267176895
21.628069,73.0039695,20714.998571737695
21.628069,73.2539695,20296.693253149402
21.628069,73.5039695,34121.04961257021
21.628069,73.7539695,24890.25446346365
21.878069,73.0039695,15273.614347997991
21.878069,73.2539695,1996.0894748706176
21.878069,73.5039695,10825.147811888644
21.878069,73.7539695,5009.756871860137
22.128069,73.0039695,16127.466898722227
22.128069,73.2539695,22737.468515038385
22.128069,73.5039695,17770.309737528736
22.128069,73.7539695,28758.366259890718
22.6224522,71.5483946,156841.4522084639
22.6224522,71.7983946,130206.74061777443
22.6224522,72.0483946,104198.62332371689
22.6224522,72.2983946,79396.93926444631
22.8724522,71.5483946,167359.8868062314
22.8724522,71.7983946,142697.45688119353
22.8724522,72.0483946,119165.20999691832
22.8724522,72.2983946,97905.2722466119
23.1224522,71.5483946,182184.3508866758
23.1224522,71.7983946,159619.00109465304
23.1224522,72.0483946,138768.85231319536
23.1224522,72.2983946,114021.71562605254
23.3724522,71.5483946,200369.15285270836
23.3724522,71.7983946,177085.51862795878
23.3724522,72.0483946,152075.33634008173
23.3724522,72.2983946,128232.36162129286
22.7883831,71.4178854,176819.62123141842
22.7883831,71.6678854,151033.42585763815
22.7883831,71.9178854,126119.05735841933
22.7883831,72.1678854,102439.4628811937
23.0383831,71.4178854,189447.8714717546
23.0383831,71.6678854,165488.88002066486
23.0383831,71.9178854,142877.65376078413
23.0383831,72.1678854,122070.9314460784
23.2883831,71.4178854,205533.36435505934
23.2883831,71.6678854,183636.6378694428
23.2883831,71.9178854,160838.417704985
23.2883831,72.1678854,135561.75845826292
23.5383831,71.4178854,223973.70459354328
23.5383831,71.6678854,198932.66910739065
23.5383831,71.9178854,174737.50872618787
23.5383831,72.1678854,151793.249857455
22.8030966,70.0069387,259803.83985034618
22.8030966,70.2569387,283823.3312583922
22.8030966,70.5069387,274584.83877143293
22.8030966,70.7569387,247585.3630188972
23.0530966,70.0069387,245204.78714061854
23.0530966,70.2569387,270523.63261331304
23.0530966,70.5069387,283072.6494151616
23.0530966,70.7569387,256966.54090559002
23.3030966,70.0069387,233602.85425301272
23.3030966,70.2569387,260053.72845006664
23.3030966,70.5069387,286765.7466909479
23.3030966,70.7569387,269453.4249481179
23.5530966,70.0069387,225483.66089603372
23.5530966,70.2569387,252785.5405214156
23.5530966,70.5069387,280191.3297929473
23.5530966,70.7569387,284533.4653167865
22.5238876,71.8851475,117557.57898716867
22.5238876,72.1351475,90889.29752845933
22.5238876,72.3851475,65199.29494954986
22.5238876,72.6351475,41757.91429533601
22.7738876,71.8851475,128491.73152925892
22.7738876,72.1351475,104457.62838899593
22.7738876,72.3851475,82668.09188777782
22.7738876,72.6351475,61046.87430110277
23.0238876,71.8851475,144665.46084033223
23.0238876,72.1351475,123700.07768408643
23.0238876,72.3851475,100782.14314255501
23.0238876,72.6351475,74825.19771313091
23.2738876,71.8851475,163543.42711766894
23.2738876,72.1351475,138043.94179441984
23.2738876,72.3851475,113623.42512794258
23.2738876,72.6351475,91178.06336108611
21.0220416,69.9582458,308762.20379983104
21.0220416,70.2082458,280968.6160114114
21.0220416,70.4582458,253183.00002215226
21.0220416,70.7082458,225408.30385297295
21.2720416,69.9582458,308751.0013868721
21.2720416,70.2082458,280956.3054025231
21.2720416,70.4582458,253169.3383138744
21.2720416,70.7082458,225392.9586476517
21.5220416,69.9582458,311617.6656533802
21.5220416,70.2082458,284103.5625177928
21.5220416,70.4582458,256657.5589226832
21.5220416,70.7082458,229304.10920392952
21.7720416,69.9582458,317298.71414263797
21.7720416,70.2082458,290323.5069445997
21.7720416,70.4582458,263526.1030741741
21.7720416,70.7082458,236966.8309006922
21.4575096,70.3009896,272759.39230545226
21.4575096,70.5509896,245215.40803686559
21.4575096,70.8009896,217744.13933638387
21.4575096,71.0509896,190377.06721348333
21.7075096,70.3009896,278399.86203022604
21.7075096,70.5509896,251474.4389123789
21.7075096,70.8009896,224769.45366964763
21.7075096,71.0509896,198373.95194031007
21.9575096,70.3009896,287083.18338819337
21.9575096,70.5509896,261054.90692983716
21.9575096,70.8009896,235439.11805135955
21.9575096,71.0509896,210217.99752204597
22.2075096,70.3009896,290261.90760920726
22.2075096,70.5509896,262445.4032632334
22.2075096,70.8009896,234632.0694361187
22.2075096,71.0509896,206823.18523453432
20.6598605,69.8071313,330380.2856657542
20.6598605,70.0571313,303024.90031210746
20.6598605,70.3071313,275764.48446191824
20.6598605,70.5571313,248630.27812545822
20.9098605,69.8071313,326456.3397678592
20.9098605,70.0571313,298741.85985095095
20.9098605,70.3071313,271051.0274996022
20.9098605,70.5571313,243391.91403739215
21.1598605,69.8071313,325220.9339054021
21.1598605,70.0571313,297391.34638196725
21.1598605,70.3071313,269561.8177418013
21.1598605,70.5571313,241732.3683217853
21.4098605,69.8071313,326718.23720216344
21.4098605,70.0571313,299028.0314168998
21.4098605,70.3071313,271366.4022211506
21.4098605,70.5571313,243743.07900871045
22.7232877,72.1492267,99874.03826827639
22.7232877,72.3992267,77360.68597995104
22.7232877,72.6492267,56486.862528646016
22.7232877,72.8992267,33284.52061314905
22.9732877,72.1492267,118297.30190996113
22.9732877,72.3992267,96384.22045336512
22.9732877,72.6492267,71050.88363573074
22.9732877,72.8992267,45817.29510989399
23.2232877,72.1492267,134056.09555707514
23.2232877,72.3992267,109144.0541451279
23.2232877,72.6492267,86039.61868389905
23.2232877,72.8992267,63561.12515021405
23.4732877,72.1492267,148843.33845884807
23.4732877,72.3992267,126744.12967328812
23.4732877,72.6492267,102300.15961946917
23.4732877,72.8992267,80072.28261449664
21.1228345,69.4852088,361066.692376619
21.1228345,69.7352088,333237.868366708
21.1228345,69.9852088,305409.2354729811
21.1228345,70.2352088,277580.8511760226
21.3728345,69.4852088,349114.88535476534
21.3728345,69.7352088,334304.1257149052
21.3728345,69.9852088,306572.2959900496
21.3728345,70.2352088,278860.0016065857
21.6228345,69.4852088,322947.1673763517
21.6228345,69.7352088,337816.33330643276
21.6228345,69.9852088,310624.1140316448
21.6228345,70.2352088,283308.4327113449
21.8728345,69.4852088,297442.52231463394
21.8728345,69.7352088,313523.6134856274
21.8728345,69.9852088,317468.725327704
21.8728345,70.2352088,290796.6976920672
20.7556395,69.4653396,366265.3543134386
20.7556395,69.7153396,338682.0344933262
20.7556395,69.9653396,311142.6278020051
20.7556395,70.2153396,283659.9245775559
21.0056395,69.4653396,363663.13214350375
21.0056395,69.7153396,335866.1703694097
21.0056395,69.9653396,308075.1511329854
21.0056395,70.2153396,280291.8420529207
21.2556395,69.4653396,360576.6677873338
21.2556395,69.7153396,335681.92228263686
21.2556395,69.9653396,307874.27189416904
21.2556395,70.2153396,280071.0361143621
21.5056395,69.4653396,334074.15465655376
21.5056395,69.7153396,338146.90649001265
21.5056395,69.9653396,310560.05009621533
21.5056395,70.2153396,283020.78137757204
21.1986198,69.2268474,355876.8618290531
21.1986198,69.4768474,362035.22785888234
21.1986198,69.7268474,334209.54418577056
21.1986198,69.9768474,306384.62146083027
21.4486198,69.2268474,328387.4213020887
21.4486198,69.4768474,340679.4528835749
21.4486198,69.7268474,336079.0680509491
21.4486198,69.9768474,308422.8539275749
21.6986198,69.2268474,301306.52884827566
21.6986198,69.4768474,314658.2518768786
21.6986198,69.7268474,329822.6951721774
21.6986198,69.9768474,313320.2328655672
21.9486198,69.2268474,274771.1103350146
21.9486198,69.4768474,289349.8820154472
21.9486198,69.7268474,305772.05398593744
21.9486198,69.9768474,320960.4613608894
21.6336175,72.9201004,27609.549837634913
21.6336175,73.1701004,15015.913972927601
21.6336175,73.4201004,31395.395822260565
21.6336175,73.6701004,25553.066020531107
21.8836175,72.9201004,24516.73409483685
21.8836175,73.1701004,3748.0908058879845
21.8836175,73.4201004,4164.689072365479
21.8836175,73.6701004,686.6122144251847
22.1336175,72.9201004,16944.57962528187
22.1336175,73.1701004,24577.250531774775
22.1336175,73.4201004,17852.559586719603
22.1336175,73.6701004,23260.347516531143
22.3836175,72.9201004,10507.126109512436
22.3836175,73.1701004,12564.762363880911
22.3836175,73.4201004,36717.31230393117
22.3836175,73.6701004,50564.0832494535
20.4388589,70.9770408,212486.64123888355
20.4388589,71.2270408,187276.01555210474
20.4388589,71.4770408,162920.357616754
20.4388589,71.7270408,139867.02070066365
20.6888589,70.9770408,202518.48748485578
20.6888589,71.2270408,175884.8233056049
20.6888589,71.4770408,149687.0334870148
20.6888589,71.7270408,124201.24213489794
20.9388589,70.9770408,196574.33885779223
20.9388589,71.2270408,169006.52056494236
20.9388589,71.4770408,141541.30463708154
20.9388589,71.7270408,114252.70881723541
21.1888589,70.9770408,195044.95710328905
21.1888589,71.2270408,167225.20320667585
21.1888589,71.4770408,139409.4886025082
21.1888589,71.7270408,111600.83362646414
21.2543725,70.1189391,290784.7704280085
21.2543725,70.3689391,262984.23036412173
21.2543725,70.6189391,235190.62854705664
21.2543725,70.8689391,207406.75428085576
21.5043725,70.1189391,293611.4647062427
21.5043725,70.3689391,266106.3977327209
21.5043725,70.6189391,238676.64580020215
21.5043725,70.8689391,211351.5346889983
21.7543725,70.1189391,299421.87660924415
21.7543725,70.3689391,272503.9135490375
21.7543725,70.6189391,245789.15605797461
21.7543725,70.8689391,219351.86163023807
22.0043725,70.1189391,308062.4569125653
22.0043725,70.3689391,281970.5659574169
22.0043725,70.6189391,256244.66121754827
22.0043725,70.8689391,229293.45823350892
19.9621395,72.4190049,137436.40489847973
19.9621395,72.6690049,109639.75879887505
19.9621395,72.9190049,81865.69279216621
19.9621395,73.1690049,54148.963351262464
20.2121395,72.4190049,116575.16737431176
20.2121395,72.6690049,111561.34383597865
20.2121395,72.9190049,84998.15782761296
20.2121395,73.1690049,58777.59275236467
20.4621395,72.4190049,88657.25316495911
20.4621395,72.6690049,81952.86650811127
20.4621395,72.9190049,84388.62333185767
20.4621395,73.1690049,75075.87768113469
20.7121395,72.4190049,62347.649382815194
20.7121395,72.6690049,52377.410910650295
20.7121395,72.9190049,56063.29422864526
20.7121395,73.1690049,61437.153700417824
21.9770467,72.3003365,76675.34328115675
21.9770467,72.5503365,53783.876447707575
21.9770467,72.8003365,38148.47432087569
21.9770467,73.0503365,18477.817959735265
22.2270467,72.3003365,67853.83035180307
22.2270467,72.5503365,40221.131160999365
22.2270467,72.8003365,13429.07737480699
22.2270467,73.0503365,7246.3458766226995
22.4770467,72.3003365,71667.27628274082
22.4770467,72.5503365,46352.83561262132
22.4770467,72.8003365,25407.532432962456
22.4770467,73.0503365,3639.2456671789905
22.7270467,72.3003365,86166.87893397019
22.7270467,72.5503365,66112.49318163272
22.7270467,72.8003365,42790.09888058168
22.7270467,73.0503365,20695.74311299005
23.3851474,72.1172316,146136.81714769697
23.3851474,72.3672316,122878.45629429858
23.3851474,72.6172316,100237.65198792405
23.3851474,72.8672316,76155.08290570187
23.6351474,72.1172316,163512.52810926078
23.6351474,72.3672316,139337.71607892434
23.6351474,72.6172316,116696.20931977182
23.6351474,72.8672316,96154.19281224033
23.8851474,72.1172316,179403.6587403016
23.8851474,72.3672316,157603.76962790664
23.8851474,72.6172316,136676.69734032993
23.8851474,72.8672316,116266.72629642664
24.1351474,72.1172316,182151.37183792636
24.1351474,72.3672316,158509.24804696147
24.1351474,72.6172316,136456.01781965134
24.1351474,72.8672316,116894.44602199843
23.2853622,72.1332132,138846.89647057216
23.2853622,72.3832132,114545.31234536387
23.2853622,72.6332132,92259.41756749467
23.2853622,72.8832132,68344.73540987443
23.5353622,72.1332132,154661.9800055925
23.5353622,72.3832132,131724.02307183485
23.5353622,72.6332132,107950.20438757451
23.5353622,72.8832132,86534.20166037454
23.7853622,72.1332132,171118.31241934028
23.7853622,72.3832132,148440.22901330885
23.7853622,72.6332132,127703.48737520252
23.7853622,72.8832132,106360.58249575137
24.0353622,72.1332132,186936.66323519807
24.0353622,72.3832132,164287.5459097897
24.0353622,72.6332132,143472.93490209876
24.0353622,72.8832132,125409.61680266655
21.8053263,70.3028377,281249.8890290187
21.8053263,70.5528377,254648.50516173826
21.8053263,70.8028377,228340.15396374933
21.8053263,71.0528377,202439.1125056612
22.0553263,70.3028377,291065.65688999527
22.0553263,70.5528377,263471.1410371134
22.0553263,70.8028377,235803.11984301158
22.0553263,71.0528377,208178.25084481578
22.3053263,70.3028377,289947.9005808964
22.3053263,70.5528377,262119.91643284232
22.3053263,70.8028377,234292.38092404848
22.3053263,71.0528377,206465.47545817145
22.5553263,70.3028377,291838.3975747236
22.5553263,70.5528377,264209.60587850184
22.5553263,70.8028377,236627.94637737205
22.5553263,71.0528377,209112.06996221386
21.8043328,72.9016768,26317.591983266248
21.8043328,73.1516768,51.06913336656404
21.8043328,73.4016768,12159.44594408477
21.8043328,73.6516768,7378.57806968273
22.0543328,72.9016768,26653.514806829466
22.0543328,73.1516768,17426.499079789468
22.0543328,73.4016768,9378.261457833354
22.0543328,73.6516768,14768.436411888288
22.3043328,72.9016768,2075.9781884479835
22.3043328,73.1516768,12070.751016423748
22.3043328,73.4016768,38472.222845871605
22.3043328,73.6516768,40834.5967359996
22.5543328,72.9016768,22292.275835660166
22.5543328,73.1516768,966.3616728874038
22.5543328,73.4016768,21677.061780170403
22.5543328,73.6516768,45384.588688649455
24.0036694,71.5325116,242153.15199429652
24.0036694,71.7825116,218332.8146022204
24.0036694,72.0325116,195574.2582046303
24.0036694,72.2825116,174256.56058544404
24.2536694,71.5325116,235972.50668019126
24.2536694,71.7825116,209776.4280265024
24.2536694,72.0325116,184060.5314318987
24.2536694,72.2825116,159057.88988678475
24.5036694,71.5325116,228095.9346398767
24.5036694,71.7825116,200875.28779286004
24.5036694,72.0325116,173847.665274225
24.5036694,72.2825116,147119.48825883857
24.7536694,71.5325116,224138.14266856975
24.7536694,71.7825116,196369.63320621027
24.7536694,72.0325116,168621.35784347187
24.7536694,72.2825116,140905.27110516396
21.9882996,72.1576842,90449.97154937581
21.9882996,72.4076842,65657.58699731347
21.9882996,72.6576842,44605.422721303556
21.9882996,72.9076842,30774.638535134975
22.2382996,72.1576842,83590.4382606888
22.2382996,72.4076842,55830.84045257528
22.2382996,72.6576842,28210.064719481143
22.2382996,72.9076842,4851.431347850639
22.4882996,72.1576842,87183.61416588581
22.4882996,72.4076842,61079.488832610055
22.4882996,72.6576842,37085.016154395955
22.4882996,72.9076842,19134.191313451207
22.7382996,72.1576842,100021.18189213435
22.7382996,72.4076842,77887.68731408853
22.7382996,72.6576842,56605.561476499126
22.7382996,72.9076842,33464.41876578066
21.9716083,68.5765418,245040.31656074617
21.9716083,68.8265418,253455.4101826742
21.9716083,69.0765418,264544.01673512434
21.9716083,69.3265418,277986.38862118655
22.2216083,68.5765418,216095.46042725354
22.2216083,68.8265418,225592.85500197837
22.2216083,69.0765418,237983.25165319882
22.2216083,69.3265418,252841.6965924042
22.4716083,68.5765418,187443.54344299203
22.4716083,68.8265418,198317.85141318414
22.4716083,69.0765418,212306.05744685646
22.4716083,69.3265418,228837.8410510891
22.7216083,68.5765418,159272.43391291992
22.7216083,68.8265418,171937.76901897494
22.7216083,69.0765418,187900.2082348727
22.7216083,69.3265418,206396.18146420276
22.483483,72.0007203,103892.18270535307
22.483483,72.2507203,77141.14596984805
22.483483,72.5007203,51545.424671929286
22.483483,72.7507203,29246.239404308988
22.733483,72.0007203,114844.8048100892
22.733483,72.2507203,91083.88642886616
22.733483,72.5007203,70249.42989850974
22.733483,72.7507203,47710.809783345336
22.983483,72.0007203,131532.10102875077
22.983483,72.2507203,110724.79978736216
22.983483,72.5007203,87032.64002396782
22.983483,72.7507203,61080.34412397772
23.233483,72.0007203,149782.25621945062
23.233483,72.2507203,124334.83763811261
23.233483,72.5007203,100146.86948939724
23.233483,72.7507203,78413.28149851969
20.8968581,71.6774463,120789.48488266491
20.8968581,71.9274463,94082.70616251134
20.8968581,72.1774463,68278.95113658792
20.8968581,72.4274463,44960.853712678385
21.1468581,71.6774463,117015.46183307825
21.1468581,71.9274463,89185.61682609202
21.1468581,72.1774463,61355.79693966675
21.1468581,72.4274463,33526.06473121958
21.3968581,71.6774463,120730.71003863242
21.3968581,71.9274463,94007.23529108946
21.3968581,72.1774463,68174.9210232426
21.3968581,72.4274463,44802.71258289694
21.6468581,71.6774463,131335.71652134534
21.6468581,71.9274463,107287.12119736041
21.6468581,72.1774463,84522.3392831175
21.6468581,72.4274463,63641.84518707469
22.0586555,72.4627227,56113.61593877785
22.0586555,72.7127227,34183.06955874341
22.0586555,72.9627227,24555.757892205067
22.0586555,73.2127227,14947.953986064073
22.3086555,72.4627227,49624.45793880435
22.3086555,72.7127227,21962.039442032434
22.3086555,72.9627227,3685.259168985068
22.3086555,73.2127227,18719.877407169995
22.5586555,72.4627227,59741.06355513863
22.5586555,72.7127227,39003.495438784106
22.5586555,72.9627227,16335.087710767217
22.5586555,73.2127227,6195.646058108521
22.8086555,72.4627227,79637.41361092478
22.8086555,72.7127227,56423.65360810021
22.8086555,72.9627227,31840.175261256
22.8086555,73.2127227,5731.445276361688
20.9512994,72.8205248,25548.480746180125
20.9512994,73.0705248,34844.4637235921
20.9512994,73.3205248,35200.2368290176
20.9512994,73.5705248,36093.01940923328
21.2012994,72.8205248,952.4071366298323
21.2012994,73.0705248,8577.826434085711
21.2012994,73.3205248,5707.3984559229575
21.2012994,73.5705248,7008.433738037483
21.4512994,72.8205248,23964.380832016814
21.4512994,73.0705248,18312.65274695157
21.4512994,73.3205248,21142.497629363417
21.4512994,73.5705248,22064.164768579183
21.7012994,72.8205248,35210.274897405376
21.7012994,73.0705248,9272.649329774895
21.7012994,73.3205248,18379.64869514034
21.7012994,73.5705248,22670.75522945738
22.3314482,68.85081,214665.8784672461
22.3314482,69.10081,227981.79167876387
22.3314482,69.35081,243760.0437414083
22.3314482,69.60081,261555.39402080042
22.5814482,68.85081,187900.65703739706
22.5814482,69.10081,202980.08491975346
22.5814482,69.35081,220554.2483421807
22.5814482,69.60081,240075.90815895543
22.8314482,68.85081,162267.93232572067
22.8314482,69.10081,179513.62015237025
22.8314482,69.35081,199169.27827344125
22.8314482,69.60081,220591.62863655173
23.0814482,68.85081,138433.57209426942
23.0814482,69.10081,158297.54212155065
23.0814482,69.35081,180281.37294096165
23.0814482,69.60081,203699.87394704242
20.6338291,72.6053896,62789.475250938965
20.6338291,72.8553896,62877.057016426355
20.6338291,73.1053896,71262.6508193818
20.6338291,73.3553896,72977.2380175878
20.8838291,72.6053896,34366.992890708
20.8838291,72.8553896,34428.55094409444
20.8838291,73.1053896,41816.3012324971
20.8838291,73.3553896,43598.73399818455
21.1338291,72.6053896,13822.033474881933
21.1338291,72.8553896,8808.893895566274
21.1338291,73.1053896,12931.346433000179
21.1338291,73.3553896,14617.072592380086
21.3838291,72.6053896,27467.049588372156
21.3838291,72.8553896,15045.45181351925
21.3838291,73.1053896,11422.225988863427
21.3838291,73.3553896,12553.960359813254
19.7754926,72.387325,143605.99340797588
19.7754926,72.637325,116440.98737346323
19.7754926,72.887325,89684.61053676816
19.7754926,73.137325,63852.63363844545
20.0254926,72.387325,138792.54239236758
20.0254926,72.637325,113012.30578924174
20.0254926,72.887325,85185.72114166697
20.0254926,73.137325,57362.3268518598
20.2754926,72.387325,110578.52343987305
20.2754926,72.637325,104343.10957625318
20.2754926,72.887325,90690.78009963263
20.2754926,73.137325,65258.310202714165
20.5254926,72.387325,83320.68361629051
20.5254926,72.637325,74847.91906382839
20.5254926,72.887325,76230.50102743645
20.5254926,73.137325,82823.84402240001
20.4740869,72.4627704,85545.97975294781
20.4740869,72.7127704,80283.5606790016
20.4740869,72.9627704,84390.6938442581
20.4740869,73.2127704,72573.96743477363
20.7240869,72.4627704,58561.12269953154
20.7240869,72.7127704,50564.22208673602
20.7240869,72.9627704,56572.63000535364
20.7240869,73.2127704,60085.10639055355
20.9740869,72.4627704,36145.35846143552
20.9740869,72.7127704,20828.40372454988
20.9740869,72.9627704,31247.72447761849
20.9740869,73.2127704,30360.25722758784
21.2240869,72.4627704,30954.00704774015
21.2240869,72.7127704,9136.842041337079
21.2240869,72.9627704,7264.450555707451
21.2240869,73.2127704,1112.9892231951724
20.5878845,72.212561,88056.57090175727
20.5878845,72.462561,73013.65672348364
20.5878845,72.712561,66761.00722803999
20.5878845,72.962561,71613.50138338411
20.8378845,72.212561,68322.34967139391
20.8378845,72.462561,47381.19725987011
20.8378845,72.712561,37027.23148908681
20.8378845,72.962561,44596.42784771923
21.0878845,72.212561,57893.838776691904
21.0878845,72.462561,30475.087488965444
21.0878845,72.712561,7400.606422976216
21.0878845,72.962561,19359.527676859463
21.3378845,72.212561,61758.363226649264
21.3378845,72.462561,37297.85272094424
21.3378845,72.712561,14922.399216406646
21.3378845,72.962561,4446.687314735978
20.7375488,72.3505771,64538.50134163621
20.7375488,72.6005771,50964.71626055825
20.7375488,72.8505771,50779.81961786902
20.7375488,73.1005771,59112.41737203351
20.9875488,72.3505771,46234.52560198711
20.9875488,72.6005771,23870.80865273803
20.9875488,72.8505771,22899.843785419023
20.9875488,73.1005771,29785.8675705734
21.2375488,72.3505771,43417.79623381729
21.2375488,72.6005771,17812.612887954143
21.2375488,72.8505771,547.857248914414
21.2375488,73.1005771,3233.9135283877513
21.4875488,72.3505771,58013.923431677744
21.4875488,72.6005771,36668.71803998922
21.4875488,72.8505771,26181.531101936318
21.4875488,73.1005771,23302.211761246977
22.6006273,73.6560018,42068.04682940583
22.6006273,73.9060018,65719.29421602248
22.6006273,74.1560018,73855.16920601102
22.6006273,74.4060018,65055.204200396576
22.8506273,73.6560018,28996.59404109753
22.8506273,73.9060018,50927.34817790667
22.8506273,74.1560018,64520.31800071467
22.8506273,74.4060018,56202.72673957142
23.1006273,73.6560018,12122.791140833298
23.1006273,73.9060018,23917.565111872424
23.1006273,74.1560018,39079.63641641995
23.1006273,74.4060018,42108.72266710858
23.3506273,73.6560018,11654.189901264928
23.3506273,73.9060018,1994.2560066473839
23.3506273,74.1560018,19934.47080347385
23.3506273,74.4060018,22965.46801420572
19.9321957,72.6409893,112997.98801230645
19.9321957,72.8909893,85299.913115089
19.9321957,73.1409893,57728.7509726638
19.9321957,73.3909893,30629.166314070117
20.1821957,72.6409893,114371.57120084701
20.1821957,72.8909893,87111.34358717466
20.1821957,73.1409893,60373.1703075538
20.1821957,73.3909893,35275.76483476559
20.4321957,72.6409893,85797.53785271307
20.4321957,72.8909893,87136.67342907064
20.4321957,73.1409893,75119.57401224138
20.4321957,73.3909893,56117.44493501674
20.6821957,72.6409893,56369.05236317755
20.6821957,72.8909893,58387.09120190376
20.6821957,73.1409893,65149.81549760411
20.6821957,73.3909893,67925.73834531987
20.2671693,72.4693451,108735.1222075311
20.2671693,72.7193451,104839.87410106552
20.2671693,72.9693451,81806.45502108148
20.2671693,73.2193451,56871.11102036708
20.5171693,72.4693451,80496.20442501229
20.5171693,72.7193451,75151.25632265846
20.5171693,72.9693451,79779.61742026343
20.5171693,73.2193451,75854.67207461924
20.7671693,72.4693451,53801.56848056171
20.7671693,72.7193451,45416.74989482534
20.7671693,72.9693451,52288.40153149737
20.7671693,73.2193451,55010.03482597218
21.0171693,72.4693451,32815.71928190407
21.0171693,72.7193451,15650.681519642421
21.0171693,72.9693451,27306.128795328576
21.0171693,73.2193451,25292.69971211124
21.7973142,72.6942567,48979.05368917803
21.7973142,72.9442567,21512.956261707182
21.7973142,73.1942567,3977.3446978509833
21.7973142,73.4442567,14853.24273049395
22.0473142,72.6942567,36546.72430914329
22.0473142,72.9442567,26220.602907144
22.0473142,73.1942567,14385.025428254381
22.0473142,73.4442567,7291.793553468345
22.2973142,72.6942567,23824.824721627974
22.2973142,72.9442567,1401.9484276238866
22.2973142,73.1942567,16884.375170219006
22.2973142,73.4442567,37343.6700108622
22.5473142,72.6942567,39179.56788907435
22.5473142,72.9442567,17569.918769217024
22.5473142,73.1942567,5619.455049072825
22.5473142,73.4442567,26209.970891205292
23.4411124,72.5403755,110921.40222911483
23.4411124,72.7903755,87059.55282225428
23.4411124,73.0403755,66183.38730737734
23.4411124,73.2903755,44704.42578682045
23.6911124,72.5403755,127625.00909411207
23.6911124,72.7903755,107065.18904664343
23.6911124,73.0403755,85867.274738671
23.6911124,73.2903755,68502.52306488134
23.9411124,72.5403755,147614.7573733375
23.9411124,72.7903755,127087.95037702438
23.9411124,73.0403755,109406.98130301658
23.9411124,73.2903755,93967.46437803838
24.1911124,72.5403755,138847.75055123237
24.1911124,72.7903755,117671.41978214517
24.1911124,73.0403755,99816.9918539103
24.1911124,73.2903755,87345.88897475688
21.811004,69.1025978,283167.0141755302
21.811004,69.3525978,296036.9854251141
21.811004,69.6025978,310871.74074029754
21.811004,69.8525978,327404.3146799166
22.061004,69.1025978,256308.42221514572
22.061004,69.3525978,270459.5092077957
22.061004,69.6025978,286621.1586262174
22.061004,69.8525978,304473.37264916673
22.311004,69.1025978,230182.1747454092
22.311004,69.3525978,245841.76291474648
22.311004,69.6025978,263517.57976336975
22.311004,69.8525978,282831.85981156194
22.561004,69.1025978,205091.0983476978
22.561004,69.3525978,222523.47616368343
22.561004,69.6025978,241909.15628657572
22.561004,69.8525978,262816.258963189
20.079669,73.2478878,45727.25845268338
20.079669,73.4978878,18943.705115067696
20.079669,73.7478878,5823.941174602334
20.079669,73.9978878,5659.074086018746
20.329669,73.2478878,58247.02996345186
20.329669,73.4978878,39487.06856067606
20.329669,73.7478878,34691.99154941703
20.329669,73.9978878,34025.00622846615
20.579669,73.2478878,77476.61377584942
20.579669,73.4978878,66945.12262589118
20.579669,73.7478878,64075.54972678887
20.579669,73.9978878,63506.86890386197
20.829669,73.2478878,47851.01675724054
20.829669,73.4978878,51997.00466698418
20.829669,73.7478878,50175.237791573956
20.829669,73.9978878,60323.26431064555
22.2785001,73.1245157,10045.174625566244
22.2785001,73.3745157,35913.27608226419
22.2785001,73.6245157,37024.01185903463
22.2785001,73.8745157,45618.38951235724
22.5285001,73.1245157,60.9120649938062
22.5285001,73.3745157,20855.323710278823
22.5285001,73.6245157,45278.314015388925
22.5285001,73.8745157,66859.42983796338
22.7785001,73.1245157,13467.439300982587
22.7785001,73.3745157,4569.8608382233215
22.7785001,73.6245157,28718.223213720627
22.7785001,73.8745157,53933.012065419796
23.0285001,73.1245157,31446.24655740171
23.0285001,73.3745157,5887.264014973642
23.0285001,73.6245157,12986.837272552628
23.0285001,73.8745157,30432.364502229997
22.668191,72.3223276,80045.02213244062
22.668191,72.5723276,59072.781147147885
22.668191,72.8223276,36654.2288987562
22.668191,73.0723276,13791.956767198239
22.918191,72.3223276,99789.86152005
22.918191,72.5723276,76611.29552535583
22.918191,72.8223276,50685.64881115002
22.918191,73.0723276,26210.016540250763
23.168191,72.3223276,113740.84048140993
23.168191,72.5723276,89167.83210129621
23.168191,72.8223276,67185.03850323788
23.168191,73.0723276,43213.259468933036
23.418191,72.3223276,129281.88589047217
23.418191,72.5723276,106492.46931560253
23.418191,72.8223276,82549.56063762306
23.418191,73.0723276,61746.34814157941
21.8816365,71.4791414,164472.17111274748
21.8816365,71.7291414,139556.4583771066
21.8816365,71.9791414,113800.1276035666
21.8816365,72.2291414,89296.90162163704
22.1316365,71.4791414,159963.9856810455
22.1316365,71.7291414,132340.23218198953
22.1316365,71.9791414,104825.57427369451
22.1316365,72.2291414,77536.24067780259
22.3816365,71.4791414,159467.10862933527
22.3816365,71.7291414,131739.20856608098
22.3816365,71.9791414,104065.76306088537
22.3816365,72.2291414,76505.886296942
22.6316365,71.4791414,164572.40017335096
22.6316365,71.7291414,137875.07112540226
22.6316365,71.9791414,111731.81823304265
22.6316365,72.2291414,86645.63925725268
22.1990518,72.615045,33914.81645603203
22.1990518,72.865045,10665.378932498938
22.1990518,73.115045,14656.53384185236
22.1990518,73.365045,26981.734384300624
22.4490518,72.615045,38424.43558841569
22.4490518,72.865045,19313.75735963226
22.4490518,73.115045,4260.531329788173
22.4490518,73.365045,26751.65614526932
22.6990518,72.615045,58506.38413110055
22.6990518,72.865045,35066.46471709328
22.6990518,73.115045,13924.002479833438
22.6990518,73.365045,12125.33715157032
22.9490518,72.615045,73642.54662002092
22.9490518,72.865045,47780.03574421034
22.9490518,73.115045,25681.514597412162
22.9490518,73.365045,4068.7940663038494
20.2587262,73.1873533,59421.904537883354
20.2587262,73.4373533,36812.13947540347
20.2587262,73.6873533,25582.26989161706
20.2587262,73.9373533,27759.696964069626
20.5087262,73.1873533,77504.22539464325
20.5087262,73.4373533,61486.12314667849
20.5087262,73.6873533,55271.04132259743
20.5087262,73.9373533,56148.51521653407
20.7587262,73.1873533,55873.53323347078
20.7587262,73.4373533,60011.480941682785
20.7587262,73.6873533,58047.62655831145
20.7587262,73.9373533,64357.01509722793
21.0087262,73.1873533,26088.997216171483
21.0087262,73.4373533,31897.891173215427
21.0087262,73.6873533,28267.94819774713
21.0087262,73.9373533,39184.74755267347
21.0385705,71.0792958,184065.39579304794
21.0385705,71.3292958,156318.1905243184
21.0385705,71.5792958,128606.71474675043
21.0385705,71.8292958,100960.3936992907
21.2885705,71.0792958,184366.23449354482
21.2885705,71.3292958,156672.31785377557
21.2885705,71.5792958,129036.91553516535
21.2885705,71.8292958,101507.83018463719
21.5385705,71.0792958,189440.37625269737
21.5385705,71.3292958,162612.92357961368
21.5385705,71.5792958,136188.37433593292
21.5385705,71.8292958,110456.26882267903
21.7885705,71.0792958,198946.06149472375
21.7885705,71.3292958,173593.90007891442
21.7885705,71.5792958,149127.9736795315
21.7885705,71.8292958,126065.32652449199
21.6915377,69.463963,314653.6356918412
21.6915377,69.713963,329697.24490978045
21.6915377,69.963963,314546.2425806304
21.6915377,70.213963,287374.3677919429
21.9415377,69.463963,289258.1749024079
21.9415377,69.713963,305554.66711355903
21.9415377,69.963963,322077.99425328255
21.9415377,70.213963,295599.26069671346
22.1915377,69.463963,264780.4088650088
22.1915377,69.713963,282492.5269201419
22.1915377,69.963963,301735.6363466903
22.1915377,70.213963,300006.49760222255
22.4415377,69.463963,241518.64848842862
22.4415377,69.713963,260815.29942601718
22.4415377,69.963963,281543.9342100946
22.4415377,70.213963,300464.1451748982
20.9979645,69.6406499,344216.59546537115
20.9979645,69.8906499,316427.7176156194
20.9979645,70.1406499,288646.73908758996
20.9979645,70.3906499,260876.1835146656
21.2479645,69.6406499,343957.3898259937
21.2479645,69.8906499,316145.7288934484
21.2479645,70.1406499,288337.5823718421
21.2479645,70.3906499,260534.07559725674
21.4979645,69.6406499,344653.01714386564
21.4979645,69.8906499,318675.65471968206
21.4979645,70.1406499,291109.279174483
21.4979645,70.3906499,263598.2844419995
21.7479645,69.6406499,319501.0710580497
21.7479645,69.8906499,323965.8072803208
21.7479645,70.1406499,296891.0301731243
21.7479645,70.3906499,269969.8630153693
20.9772602,69.8321207,323079.2121611249
20.9772602,70.0821207,295309.9542317478
20.9772602,70.3321207,267553.2927004815
20.9772602,70.5821207,239813.6014286758
21.2272602,69.8321207,322574.67876238155
21.2272602,70.0821207,294757.89237331285
21.2272602,70.3321207,266943.8339480236
21.2272602,70.5821207,239133.45537208355
21.4772602,69.8321207,324826.6407252136
21.4772602,70.0821207,297220.68949272495
21.4772602,70.3321207,269660.7751028009
21.4772602,70.5821207,242162.6160751606
21.7272602,69.8321207,329792.54314192757
21.7272602,70.0821207,302639.9069021202
21.7272602,70.3321207,275622.4022394343
21.7272602,70.5821207,248784.05819416724
20.8280712,70.5262213,248120.0495962462
20.8280712,70.7762213,220662.6568814545
20.8280712,71.0262213,193311.82297296094
20.8280712,71.2762213,166120.189288016
21.0780712,70.5262213,245311.38756507836
21.0780712,70.7762213,217499.7149410613
21.0780712,71.0262213,189693.38090347222
21.0780712,71.2762213,161895.13626587635
21.3280712,70.5262213,246109.91136386
21.3280712,70.7762213,218399.94872221438
21.3280712,71.0262213,190724.90755277022
21.3280712,71.2762213,163102.56512075345
21.5780712,70.5262213,250499.20871745207
21.5780712,70.7762213,223334.5085256832
21.5780712,71.0262213,196356.19536331246
21.5780712,71.2762213,169653.21053700167
20.3660085,70.8647543,227414.93607618363
20.3660085,71.1147543,202345.1448954488
20.3660085,71.3647543,178097.06848736852
20.3660085,71.6147543,155056.69148294732
20.6160085,70.8647543,216951.93560648308
20.6160085,71.1147543,190510.2277454548
20.6160085,71.3647543,164527.06469350058
20.6160085,71.6147543,139259.35080454306
20.8660085,70.8647543,210192.2475813552
20.8660085,71.1147543,182775.23206257238
20.8660085,71.3647543,155504.96325378644
20.8660085,71.6147543,128474.92115741865
21.1160085,70.8647543,207519.10262287516
21.1160085,71.1147543,179694.6923691094
21.1160085,71.3647543,151872.28386596133
21.1160085,71.6147543,124053.22396659675
21.3885909,71.3781618,153052.64997144774
21.3885909,71.6281618,125826.06446098235
21.3885909,71.8781618,98935.77189775508
21.3885909,72.1281618,72755.61183221274
21.6385909,71.3781618,161365.8664349411
21.6385909,71.6281618,135816.15399044412
21.6385909,71.8781618,111364.78863636105
21.6385909,72.1281618,88557.47795826511
21.8885909,71.3781618,174504.00495339383
21.8885909,71.6281618,149906.9869799596
21.8885909,71.8781618,123777.61367021658
21.8885909,72.1281618,98583.43763121031
22.1385909,71.3781618,171056.37420962582
22.1385909,71.6281618,143387.8391964211
22.1385909,71.8781618,115796.65508943825
22.1385909,72.1281618,88355.31596455116
23.1978037,72.0507598,142995.04508117668
23.1978037,72.3007598,117434.74000233463
23.1978037,72.5507598,93119.31725362709
23.1978037,72.8007598,71417.78462649598
23.4478037,72.0507598,156380.51077997885
23.4478037,72.3007598,133364.7240066254
23.4478037,72.5507598,110268.08848377797
23.4478037,72.8007598,86597.9265140607
23.6978037,72.0507598,173666.06741360028
23.6978037,72.3007598,149673.12802221664
23.6978037,72.5507598,127252.47015996989
23.6978037,72.8007598,106599.84897857266
23.9478037,72.0507598,189870.97425628352
23.9478037,72.3007598,168197.20576980332
23.9478037,72.5507598,147228.159184572
23.9478037,72.8007598,126892.48467522398
22.2014918,73.4088415,26106.98024254277
22.2014918,73.6588415,29585.97571961687
22.2014918,73.9088415,35619.61970098115
22.2014918,74.1588415,30183.308157880365
22.4514918,73.4088415,29972.552609927294
22.4514918,73.6588415,52681.45924502434
22.4514918,73.9088415,63743.904581273084
22.4514918,74.1588415,57557.57406763987
22.7014918,73.4088415,14126.499952570124
22.7014918,73.6588415,35644.71595127936
22.7014918,73.9088415,61705.82893994119
22.7014918,74.1588415,79755.59195116023
22.9514918,73.4088415,937.9079291808195
22.9514918,73.6588415,22126.105964573908
22.9514918,73.9088415,40471.190574665954
22.9514918,74.1588415,53855.80051444815
21.1293206,72.4945103,26156.078382656637
21.1293206,72.7445103,2704.4592551755563
21.1293206,72.9945103,17666.94885795979
21.1293206,73.2445103,12898.908083103965
21.3793206,72.4945103,37799.19816131569
21.3793206,72.7445103,17308.123781120627
21.3793206,72.9945103,8518.783754533219
21.3793206,73.2445103,15965.611358115482
21.6293206,72.4945103,57325.51665520767
21.6293206,72.7445103,45611.95120238542
21.6293206,72.9945103,21346.702657844817
21.6293206,73.2445103,19491.458771607737
21.8793206,72.4945103,66429.0190688436
21.8793206,72.7445103,43802.14035288485
21.8793206,72.9945103,16328.825492201553
21.8793206,73.2445103,1017.8210355077538
21.9290087,69.3432372,283320.3008598853
21.9290087,69.5932372,298690.03484746226
21.9290087,69.8432372,315769.03677186166
21.9290087,70.0932372,307896.48209075164
22.1790087,69.3432372,258107.71503117782
22.1790087,69.5932372,274890.7721195056
22.1790087,69.8432372,293358.62738823466
22.1790087,70.0932372,313213.4025845154
22.4290087,69.3432372,233992.61649607573
22.4290087,69.5932372,252384.40643693076
22.4290087,69.8432372,272382.5183068344
22.4290087,70.0932372,293658.9647441971
22.6790087,69.3432372,211373.28244771223
22.6790087,69.5932372,231568.58286598945
22.6790087,69.8432372,253216.0268174464
22.6790087,70.0932372,275974.1066344347
21.4333303,69.2984765,333371.20171504223
21.4333303,69.5484765,346127.67041058926
21.4333303,69.7984765,327957.04167764157
21.4333303,70.0484765,300291.7797278175
21.6833303,69.2984765,306554.9785801829
21.6833303,69.5484765,320380.9622671524
21.6833303,69.7984765,332401.69069758744
21.6833303,70.0484765,305139.66599700594
21.9333303,69.2984765,280323.4169716849
21.9333303,69.5484765,295379.7965223946
21.9333303,69.7984765,312195.8262266659
21.9333303,70.0484765,312803.195671539
22.1833303,69.2984765,254874.81942824705
22.1833303,69.5484765,271346.9728401473
22.1833303,69.7984765,289562.0648311014
22.1833303,70.0484765,309212.22928241355
20.9857835,70.4559406,253732.36696898338
20.9857835,70.7059406,225993.59048583722
20.9857835,70.9559406,198280.34562832222
20.9857835,71.2059406,170605.07499222417
21.2357835,70.4559406,253209.44368317173
21.2357835,70.7059406,225406.32480775414
21.2357835,70.9559406,197610.73803097187
21.2357835,71.2059406,169826.38174253405
21.4857835,70.4559406,256191.17355771942
21.4857835,70.7059406,228750.75147828247
21.4857835,70.9559406,201417.22573723822
21.4857835,71.2059406,174240.9107365463
21.7357835,70.4559406,262575.66624189646
21.7357835,70.7059406,235879.14150126377
21.7357835,70.9559406,209477.83156501275
21.7357835,71.2059406,183499.2045426774
21.2466811,69.7821426,328210.88773970667
21.2466811,70.0321426,300400.5884407456
21.2466811,70.2821426,272594.28436600673
21.2466811,70.5321426,244793.33698304297
21.4966811,69.7821426,330634.62310001475
21.4966811,70.0321426,303046.8292148075
21.4966811,70.2821426,275507.7331593758
21.4966811,70.5321426,248033.5561832231
21.7466811,69.7821426,328751.7112946988
21.7466811,70.0321426,308590.0525678117
21.7466811,70.2821426,281593.5916836068
21.7466811,70.5321426,254776.53902891482
21.9966811,69.7821426,305175.03521038184
21.9966811,70.0321426,316893.0698679784
21.9966811,70.2821426,290668.7944445026
21.9966811,70.5321426,264772.5099516542
21.9732415,69.5552102,291908.3198928802
21.9732415,69.8052102,308980.9040140906
21.9732415,70.0552102,313564.08821888326
21.9732415,70.3052102,287284.693185071
22.2232415,69.5552102,268094.3706066841
22.2232415,69.8052102,286589.1194265314
22.2232415,70.0552102,306498.05680487514
22.2232415,70.3052102,289742.60980218544
22.4732415,69.5552102,245609.68964863487
22.4732415,69.8052102,265674.3334836456
22.4732415,70.0552102,287037.60541690193
22.4732415,70.3052102,290611.87031177164
22.7232415,69.5552102,224874.4147350986
22.7232415,69.8052102,246631.77861973442
22.7232415,70.0552102,269508.7562151246
22.7232415,70.3052102,293243.42917944887
20.3428692,69.9799081,320645.64541028615
20.3428692,70.2299081,294205.9049948724
20.3428692,70.4799081,268047.7621170023
20.3428692,70.7299081,242262.44993152458
20.5928692,69.9799081,313052.01250545494
20.5928692,70.2299081,285910.9077090072
20.5928692,70.4799081,258916.07788831813
20.5928692,70.7299081,232118.56293704952
20.8428692,69.9799081,308140.7923120854
20.8428692,70.2299081,280524.9231351693
20.8428692,70.4799081,252955.96601399587
20.8428692,70.7299081,225451.13131888522
21.0928692,69.9799081,306055.3507032506
21.0928692,70.2299081,278232.56873946777
21.0928692,70.4799081,250411.36266041087
21.0928692,70.7299081,222592.32336344218
21.4682625,71.0769241,187803.65915947198
21.4682625,71.3269241,160657.48058029267
21.4682625,71.5769241,133792.5310618517
21.4682625,71.8269241,107420.01814501286
21.7182625,71.0769241,196102.78387682184
21.7182625,71.3269241,170284.80119188412
21.7182625,71.5769241,145212.01334080088
21.7182625,71.8269241,121347.21978202579
21.9682625,71.0769241,207144.44063737447
21.9682625,71.3269241,179839.1931613048
21.9682625,71.5769241,152723.4596768189
21.9682625,71.8269241,125919.73039684299
22.2182625,71.0769241,203888.53661460438
22.2182625,71.3269241,176079.10572462375
22.2182625,71.5769241,148277.34557757314
22.2182625,71.8269241,120488.56617574858
20.5560298,70.0303798,308534.35564667813
20.5560298,70.2803798,281513.15531142155
20.5560298,70.5303798,254666.18982755332
20.5560298,70.7803798,228055.00103699436
20.8060298,70.0303798,303121.3592957153
20.8060298,70.2803798,275569.8939658754
20.8060298,70.5303798,248080.58789081968
20.8060298,70.7803798,220676.67150144072
21.0560298,70.0303798,300566.66512921895
21.0560298,70.2803798,272757.26972160017
21.0560298,70.5303798,244952.52563276954
21.0560298,70.7803798,217154.21955507266
21.3060298,70.0303798,300957.78123311984
21.3060298,70.2803798,273188.2026805772
21.3060298,70.5303798,245432.2833527305
21.3060298,70.7803798,217695.2479234103
22.3251395,71.1209736,198934.3581144957
22.3251395,71.3709736,171117.28810892638
22.3251395,71.6209736,143305.18961255302
22.3251395,71.8709736,115501.65400908953
22.5751395,71.1209736,202036.16917440857
22.5751395,71.3709736,174713.65460660803
22.5751395,71.6209736,147580.8665990737
22.5751395,71.8709736,120765.75216127807
22.8251395,71.1209736,209482.7369842281
22.8251395,71.3709736,183273.7421065281
22.8251395,71.6209736,157621.43136599995
22.8251395,71.8709736,132848.55335352576
23.0751395,71.1209736,220857.7241482908
23.0751395,71.3709736,196174.36572419293
23.0751395,71.6209736,172289.02946612824
23.0751395,71.8709736,149734.09102250883
23.273753,71.1798581,226661.1727207912
23.273753,71.4298581,203418.08552394013
23.273753,71.6798581,181470.52500639093
23.273753,71.9298581,158930.96189524056
23.523753,71.1798581,243828.29044122822
23.523753,71.4298581,222031.14989023417
23.523753,71.6798581,196931.46278185546
23.523753,71.9298581,172670.71023781606
23.773753,71.1798581,260329.93723325094
23.773753,71.4298581,236022.96943916398
23.773753,71.6798581,212581.7762996213
23.773753,71.9298581,189895.15868659227
24.023753,71.1798581,275761.4752267661
24.023753,71.4298581,252941.80576222364
24.023753,71.6798581,229289.11709185262
24.023753,71.9298581,206197.79140641945
22.8530428,72.4510592,83456.06042614441
22.8530428,72.7010592,60293.39008381437
22.8530428,72.9510592,34490.406378561784
22.8530428,73.2010592,10691.517984392953
23.1030428,72.4510592,97438.0090549471
23.1030428,72.7010592,72840.31822410671
23.1030428,72.9510592,51635.85903415926
23.1030428,73.2010592,26961.955541142786
23.3530428,72.4510592,113097.37861461965
23.3530428,72.7010592,90143.60070544734
23.3530428,72.9510592,66311.95631892527
23.3530428,73.2010592,46580.606850053555
23.6030428,72.4510592,129369.75891340047
23.6030428,72.7010592,107046.42775544633
23.6030428,72.9510592,86296.66434374194
23.6030428,73.2010592,65884.75298323228
23.3472862,71.0858439,240246.8600326628
23.3472862,71.3358439,217116.72138915534
23.3472862,71.5858439,195217.2924891823
23.3472862,71.8358439,172040.06399427686
23.5972862,71.0858439,257568.18928342697
23.5972862,71.3358439,235256.10689837186
23.5972862,71.5858439,210349.9274945451
23.5972862,71.8358439,186273.3254917431
23.8472862,71.0858439,273767.8665245243
23.8472862,71.3358439,249602.6788248945
23.8472862,71.5858439,226281.13805738572
23.8472862,71.8358439,203385.80927808475
24.0972862,71.0858439,289191.78972395527
24.0972862,71.3358439,263035.088035194
24.0972862,71.5858439,237259.40963516833
24.0972862,71.8358439,212003.77593803694
23.2641433,71.6268375,185257.035839255
23.2641433,71.8768375,163956.01095257138
23.2641433,72.1268375,138371.855134554
23.2641433,72.3768375,113795.58112870868
23.5141433,71.6268375,201676.71315231966
23.5141433,71.8768375,177138.796883537
23.5141433,72.1268375,153726.42493592348
23.5141433,72.3768375,131166.3616633062
23.7641433,71.6268375,216820.397101544
23.7641433,71.8768375,194205.41015300056
23.7641433,72.1268375,170343.60400236378
23.7641433,72.3768375,147412.56472584058
24.0141433,71.6268375,233714.70981753353
24.0141433,71.8768375,210328.50292343
24.0141433,72.1268375,188155.7767588811
24.0141433,72.3768375,166453.7610625795
23.2624348,71.6086199,186705.66907606655
23.2624348,71.8586199,165754.93836860167
23.2624348,72.1086199,140123.59490762197
23.2624348,72.3586199,115431.40528835684
23.5124348,71.6086199,203407.17142220796
23.5124348,71.8586199,178791.10046468847
23.5124348,72.1086199,155264.42430117298
23.5124348,72.3586199,132886.04700688098
23.7624348,71.6086199,218401.85177172298
23.7624348,71.8586199,195681.2435485539
23.7624348,72.1086199,171962.88594101436
23.7624348,72.3586199,148902.24458236122
24.0124348,71.6086199,235350.5102029574
24.0124348,71.8586199,211878.5022027402
24.0124348,72.1086199,189589.39940663983
24.0124348,72.3586199,168168.26761303077
23.2374521,71.6060665,185053.99736377204
23.2374521,71.8560665,163979.89410988
23.2374521,72.1060665,139145.72526461273
23.2374521,72.3560665,114173.11168993187
23.4874521,71.6060665,202357.34047771528
23.4874521,71.8560665,177551.26741632115
23.4874521,72.1060665,153783.66462625077
23.4874521,72.3560665,131618.3196953439
23.7374521,71.6060665,216997.20327091575
23.7374521,71.8560665,194071.49595787408
23.7374521,72.1060665,170646.81579293116
23.7374521,72.3560665,147326.70883891569
23.9874521,71.6060665,234060.40834615863
23.9874521,71.8560665,210406.96493840686
23.9874521,72.1060665,187901.33225398543
23.9874521,72.3560665,166937.74403733262
23.6121729,71.6602947,203969.214890493
23.6121729,71.9102947,180320.26689561887
23.6121729,72.1602947,158039.1100720943
23.6121729,72.4102947,133793.49722689664
23.8621729,71.6602947,220613.61131300993
23.8621729,71.9102947,197134.18160687436
23.8621729,72.1602947,173878.4174081933
23.8621729,72.4102947,152155.2284166857
24.1121729,71.6602947,228937.57134803577
24.1121729,71.9102947,203782.44125479582
24.1121729,72.1602947,179418.94766607246
24.1121729,72.4102947,156217.917756724
24.3621729,71.6602947,218417.5372786946
24.3621729,71.9102947,191888.22887274064
24.3621729,72.1602947,165785.90952717853
24.3621729,72.4102947,140349.01796735008
23.6020922,71.6855503,200920.54260583175
23.6020922,71.9355503,177306.25069487945
23.6020922,72.1855503,154988.639274398
23.6020922,72.4355503,130762.32056557992
23.8520922,71.6855503,217625.62504244474
23.8520922,71.9355503,194092.93034226797
23.8520922,72.1855503,170881.1521368159
23.8520922,72.4355503,149237.61464835235
24.1020922,71.6855503,226872.2951433878
24.1020922,71.9355503,201847.45268852453
24.1020922,72.1855503,177659.09388172076
24.1020922,72.4355503,154700.08645670133
24.3520922,71.6855503,216078.9418342578
24.3520922,71.9355503,189635.08366710588
24.3520922,72.1855503,163651.53356891643
24.3520922,72.4355503,138387.8157580897
23.6277604,71.6661395,204351.46878398492
23.6277604,71.9161395,180852.689474261
23.6277604,72.1661395,158335.0257645083
23.6277604,72.4161395,134264.7271656304
23.8777604,71.6661395,221229.6797530457
23.8777604,71.9161395,197564.369818464
23.8777604,72.1661395,174469.80589767185
23.8777604,72.4161395,152932.79640248395
24.1277604,71.6661395,227580.0319912542
24.1277604,71.9161395,202345.6379955
24.1277604,72.1661395,177887.17519619333
24.1277604,72.4161395,154573.41495731284
24.3777604,71.6661395,217260.397448352
24.3777604,71.9161395,190665.063800586
24.3777604,72.1661395,164478.7415976812
24.3777604,72.4161395,138932.89729161063
23.6572236,71.6796013,204896.14833936238
23.6572236,71.9296013,181697.5883395511
23.6572236,72.1796013,158705.8198451344
23.6572236,72.4296013,135011.04894760056
23.9072236,71.6796013,222131.91522494933
23.9072236,71.9296013,198204.5069848325
23.9072236,72.1796013,175432.2349099664
23.9072236,72.4296013,154268.21795606051
24.1572236,71.6796013,224792.55262470513
24.1572236,71.9296013,199414.61199821348
24.1572236,72.1796013,174784.6871727437
24.1572236,72.4296013,151268.60180010856
24.4072236,71.6796013,214848.13716704852
24.4072236,71.9296013,188133.51059026702
24.4072236,72.1796013,161795.2941178882
24.4072236,72.4296013,136052.27017282692
23.1048157,71.5886065,177270.79551172935
23.1048157,71.8386065,154793.98005058785
23.1048157,72.0886065,133857.76347717692
23.1048157,72.3386065,109070.33668167729
23.3548157,71.5886065,195579.28954136066
23.3548157,71.8386065,172126.4263718281
23.3548157,72.0886065,147119.9754854434
23.3548157,72.3386065,123329.11800117431
23.6048157,71.5886065,210512.33660451052
23.6048157,71.8386065,186502.6025694619
23.6048157,72.0886065,163707.05939721645
23.6048157,72.3386065,140163.40235795945
23.8548157,71.5886065,226555.89552561627
23.8548157,71.8386065,203569.72931531348
23.8548157,72.0886065,179911.8452139952
23.8548157,72.3386065,157622.69199549948
22.7969449,71.8306381,135158.9710365679
22.7969449,72.0806381,111060.03284579335
22.7969449,72.3306381,88989.92723788765
22.7969449,72.5806381,67642.8003962396
23.0469449,71.8306381,151188.34059481815
23.0469449,72.0806381,129976.10148446832
23.0469449,72.3306381,107424.06536816114
23.0469449,72.5806381,81501.91667591812
23.2969449,71.8306381,170217.68162153542
23.2969449,72.0806381,144723.37031648203
23.2969449,72.3306381,120255.00303026478
23.2969449,72.5806381,97604.71925406753
23.5469449,71.8306381,183589.079744849
23.5469449,72.0806381,160225.96047706483
23.5469449,72.3306381,137559.67158865195
23.5469449,72.5806381,113573.48078635077
23.8332794,72.3496191,155009.80645299036
23.8332794,72.5996191,134400.34363652678
23.8332794,72.8496191,113100.6503597346
23.8332794,73.0996191,94863.91049239863
24.0832794,72.3496191,163752.5875269517
24.0832794,72.5996191,142129.67916274993
24.0832794,72.8496191,123027.57863523747
24.0832794,73.0996191,107794.84282470215
24.3332794,72.3496191,147968.0706870982
24.3332794,72.5996191,123614.26179853336
24.3332794,72.8496191,101071.38628682033
24.3332794,73.0996191,81849.66805486965
24.5832794,72.3496191,137230.11305205486
24.5832794,72.5996191,110535.24191593382
24.5832794,72.8496191,84575.28664661634
24.5832794,73.0996191,60306.89965592675
21.1874043,71.7761717,106129.25818231805
21.1874043,72.0261717,78336.32231853654
21.1874043,72.2761717,50584.01897108773
21.1874043,72.5261717,23019.778125565746
21.4374043,71.7761717,111518.48558661237
21.4374043,72.0261717,85495.80445610177
21.4374043,72.2761717,61087.610531675804
21.4374043,72.5261717,38364.83671551922
21.6874043,71.7761717,124099.56488073118
21.6874043,72.0261717,101287.32971195203
21.6874043,72.2761717,78918.19919205105
21.6874043,72.5261717,61204.940944861664
21.9374043,71.7761717,132426.06179390667
21.9374043,72.0261717,106313.33985688938
21.9374043,72.2761717,81347.36781001912
21.9374043,72.5261717,59002.25331730813
21.4111503,72.8384024,18818.280802009493
21.4111503,73.0884024,14098.051816225203
21.4111503,73.3384024,16036.37755763349
21.4111503,73.5884024,17850.18936169266
21.6611503,72.8384024,34488.510696373574
21.6611503,73.0884024,12101.47951258857
21.6611503,73.3384024,23556.109301144752
21.6611503,73.5884024,25649.538608666608
21.9111503,72.8384024,34111.83681525901
21.9111503,73.0884024,9633.32198021522
21.9111503,73.3384024,1752.7033438883338
21.9111503,73.5884024,1822.7996346500581
22.1611503,72.8384024,16076.046119351084
22.1611503,73.0884024,16085.68213536047
22.1611503,73.3384024,24017.502765366356
22.1611503,73.5884024,22362.676965106522
21.758718,71.0619822,199387.6581504005
21.758718,71.3119822,173791.45452563456
21.758718,71.5619822,148998.33803898338
21.758718,71.8119822,125485.23195751997
22.008718,71.0619822,207968.10257597195
22.008718,71.3119822,180531.07092604056
22.008718,71.5619822,153235.78915894558
22.008718,71.8119822,126174.28508787612
22.258718,71.0619822,205436.50036021016
22.258718,71.3119822,177608.816112556
22.258718,71.5619822,149781.94507471676
22.258718,71.8119822,121956.44389960408
22.508718,71.0619822,207281.99936136944
22.508718,71.3119822,179740.26577230784
22.508718,71.5619822,152303.32448558565
22.508718,71.8119822,125040.17669386673
22.9947987,73.0126493,37367.46927444787
22.9947987,73.2626493,16329.551475222699
22.9947987,73.5126493,7538.303455537969
22.9947987,73.7626493,28157.157168328384
23.2447987,73.0126493,53343.36858461752
23.2447987,73.2626493,32062.050472013514
23.2447987,73.5126493,10389.16710549993
23.2447987,73.7626493,2517.419374596498
23.4947987,73.0126493,73129.67011745778
23.4947987,73.2626493,51542.71383652457
23.4947987,73.5126493,34574.54762939063
23.4947987,73.7626493,22319.982160667303
23.7447987,73.0126493,92738.771836582
23.7447987,73.2626493,75520.98469015857
23.7447987,73.5126493,62105.672787061696
23.7447987,73.7626493,39116.96404326446
20.6702124,73.0622874,67419.1481319381
20.6702124,73.3122874,67718.22349406031
20.6702124,73.5622874,69392.95319561982
20.6702124,73.8122874,70095.8399439305
20.9202124,73.0622874,38655.48275053563
20.9202124,73.3122874,38816.2526723686
20.9202124,73.5622874,39901.919826698075
20.9202124,73.8122874,41270.19572383375
21.1702124,73.0622874,11786.888116205479
21.1702124,73.3122874,9109.821633391786
21.1702124,73.5622874,10831.28149996051
21.1702124,73.8122874,15702.638562776725
21.4202124,73.0622874,14483.659714773805
21.4202124,73.3122874,17814.010584150135
21.4202124,73.5622874,18235.16422355042
21.4202124,73.8122874,2912.216089232156
22.1123339,72.4196961,57847.56891283012
22.1123339,72.6696961,33158.59076795237
22.1123339,72.9196961,19403.627177208236
22.1123339,73.1696961,22633.75379244965
22.3623339,72.4196961,55209.08848830182
22.3623339,72.6696961,28305.376950343696
22.3623339,72.9196961,7944.59774690622
22.3623339,73.1696961,13331.526399572735
22.6123339,72.4196961,67293.72957271496
22.6123339,72.6696961,47054.54901928732
22.6123339,72.9196961,23914.243563992208
22.6123339,73.1696961,1826.9652773401751
22.8623339,72.4196961,87022.54793416972
22.8623339,72.6696961,63842.596557508776
22.8623339,72.9196961,38156.75521264433
22.8623339,73.1696961,13701.551059284258
22.0943114,72.3749406,63271.867278042824
22.0943114,72.6249406,38460.03606089738
22.0943114,72.8749406,22450.460742933275
22.0943114,73.1249406,23075.824820484017
22.3443114,72.3749406,59789.298614077474
22.3443114,72.6249406,32413.043882341357
22.3443114,72.8749406,7519.218603341354
22.3443114,73.1249406,8801.270172588074
22.5943114,72.3749406,70324.40032699045
22.5943114,72.6249406,48517.00833024422
22.5943114,72.8749406,26971.609008224226
22.5943114,73.1249406,3768.711716372219
22.8443114,72.3749406,89562.62474894784
22.8443114,72.6249406,66901.50668667124
22.8443114,72.8749406,42314.94717365598
22.8443114,73.1249406,16257.481610587953
21.4205704,72.5726247,33054.80973960962
21.4205704,72.8226247,20291.704425392498
21.4205704,73.0726247,14790.104533373284
21.4205704,73.3226247,17521.44870270795
21.6705704,72.5726247,56973.41662920196
21.6705704,72.8226247,35825.60952785934
21.6705704,73.0726247,11945.8727669982
21.6705704,73.3226247,21763.31328898035
21.9205704,72.5726247,56911.47729397668
21.9205704,72.8226247,36092.234676834596
21.9205704,73.0726247,11603.706358918955
21.9205704,73.3226247,3829.9518214549903
22.1705704,72.5726247,39459.66916294618
22.1705704,72.8226247,16055.03747849659
22.1705704,73.0726247,14172.327859486204
22.1705704,73.3226247,25881.112130196154
22.6646919,72.0821046,102964.85849087388
22.6646919,72.3321046,78907.25539003346
22.6646919,72.5821046,58045.85507492582
22.6646919,72.8321046,35521.76330815704
22.9146919,72.0821046,119259.58053690259
22.9146919,72.3321046,98639.76003712752
22.9146919,72.5821046,75464.40504536722
22.9146919,72.8321046,49518.19190041127
23.1646919,72.0821046,138288.6166026728
23.1646919,72.3321046,112574.7917092542
23.1646919,72.5821046,88020.37065659696
23.1646919,72.8321046,66114.22843440622
23.4146919,72.0821046,151322.88405911627
23.4146919,72.3321046,128156.5976971238
23.4146919,72.5821046,105329.25835078665
23.4146919,72.8321046,81416.30696102807
23.0971246,72.4588273,96358.36982044268
23.0971246,72.7088273,71725.95795948686
23.0971246,72.9588273,50530.13244360267
23.0971246,73.2088273,25903.343791289506
23.3471246,72.4588273,111974.19292397365
23.3471246,72.7088273,89051.42031273506
23.3471246,72.9588273,65189.67343660141
23.3471246,73.2088273,45487.124095444975
23.5971246,72.4588273,128253.48225848534
23.5971246,72.7088273,105922.0947001802
23.5971246,72.9588273,85174.09148880729
23.5971246,73.2088273,64773.326564303316
23.8471246,72.4588273,146907.2810513289
23.8471246,72.7088273,125855.54179203515
23.8471246,72.9588273,105982.63576004554
23.8471246,73.2088273,89058.06364228894
20.8355059,70.8130864,216467.61392854695
20.8355059,71.0630864,189113.979741773
20.8355059,71.3130864,161922.72977081875
20.8355059,71.5630864,134992.0261641603
21.0855059,70.8130864,213366.12000469372
21.0855059,71.0630864,185555.84232168662
21.0855059,71.3130864,157752.47605781816
21.0855059,71.5630864,129960.45711617148
21.3355059,70.8130864,214407.4039272709
21.3355059,71.0630864,186752.25383562353
21.3355059,71.3130864,159158.02648734694
21.3355059,71.5630864,131663.03242299557
21.5855059,70.8130864,219553.16991084666
21.5855059,71.0630864,192638.1682630791
21.5855059,71.3130864,166025.10940943917
21.5855059,71.5630864,139886.4313144345
22.3245152,72.2533562,73008.41285725213
22.3245152,72.5033562,45307.11672203347
22.3245152,72.7533562,18006.80238693178
22.3245152,73.0033562,4486.025477788211
22.5745152,72.2533562,81052.01411870503
22.5745152,72.5033562,57054.359540957594
22.5745152,72.7533562,38200.04816983636
22.5745152,73.0033562,13676.944488933663
22.8245152,72.2533562,97629.54003419663
22.8245152,72.5033562,76692.05710369576
22.8245152,72.7533562,53534.04593383025
22.8245152,73.0033562,27891.435792191227
23.0745152,72.2533562,116644.24573286822
23.0745152,72.5033562,90722.21246555752
23.0745152,72.7533562,66076.46446463527
23.0745152,73.0033562,45284.45766988769
23.418279,71.8681846,172440.6283943647
23.418279,72.1181846,148107.45149815106
23.418279,72.3681846,125239.24179872985
23.418279,72.6181846,101957.9438271637
23.668279,71.8681846,188047.14472118136
23.668279,72.1181846,165354.6113810988
23.668279,72.3681846,141428.62095605407
23.668279,72.6181846,119209.75536791272
23.918279,71.8681846,204700.91311513062
23.918279,72.1181846,181695.81041371162
23.918279,72.3681846,160201.21830376063
23.918279,72.6181846,139153.34617808176
24.168279,71.8681846,205024.07516227823
24.168279,72.1181846,180105.0582941673
24.168279,72.3681846,156172.32878763505
24.168279,72.6181846,133756.36120787062
21.9117955,68.5089392,250266.9205240152
21.9117955,68.7589392,257700.5103378395
21.9117955,69.0089392,267833.11628139176
21.9117955,69.2589392,280372.2649522045
22.1617955,68.5089392,221043.56193417645
22.1617955,68.7589392,229425.97453722908
22.1617955,69.0089392,240751.53777489328
22.1617955,69.2589392,254627.82981913717
22.4117955,68.5089392,192015.86495072124
22.4117955,68.7589392,201608.8140746401
22.4117955,69.0089392,214408.81292801697
22.4117955,69.2589392,229880.76874464512
22.6617955,68.5089392,163316.99779157576
22.6617955,68.7589392,174494.88040473493
22.6617955,69.0089392,189138.80732435986
22.6617955,69.2589392,206512.7531497969
21.7495856,71.6959892,135608.58389158073
21.7495856,71.9459892,112804.30648855356
21.7495856,72.1959892,90537.05667865563
21.7495856,72.4459892,72236.48199153855
21.9995856,71.6959892,138952.80672228796
21.9995856,71.9459892,112146.93465011161
21.9995856,72.1959892,85994.13372806592
21.9995856,72.4459892,61335.558599182616
22.2495856,71.6959892,134890.45412610954
22.2495856,71.9459892,107072.34502785
22.2495856,72.1959892,79262.49525460976
22.2495856,72.4459892,51474.29326392266
22.4995856,71.6959892,137444.10005928337
22.4995856,71.9459892,110272.08666077373
22.4995856,72.1959892,83534.35928254477
22.4995856,72.4459892,57836.39765561606
23.0554188,72.1169411,127840.69402971838
23.0554188,72.3669411,103957.49862526935
23.0554188,72.6169411,78246.33008379607
23.0554188,72.8669411,54422.800205377884
23.3054188,72.1169411,141552.90157641724
23.3054188,72.3669411,117382.1523814275
23.3054188,72.6169411,95230.87251254007
23.3054188,72.8669411,71085.99893377292
23.5554188,72.1169411,157567.11225768868
23.5554188,72.3669411,134473.44808080324
23.5554188,72.6169411,110834.62655703285
23.5554188,72.8669411,89535.96851011118
23.8054188,72.1169411,173962.84026702226
23.8054188,72.3669411,151377.9124253494
23.8054188,72.6169411,130714.94102055144
23.8054188,72.8669411,109356.08917610507
23.081665,71.640412,170915.91173802488
23.081665,71.890412,148557.99484965403
23.081665,72.140412,127507.39679404414
23.081665,72.390412,102671.88843557154
23.331665,71.640412,189387.3406112126
23.331665,71.890412,165716.85720031714
23.331665,72.140412,140711.92174659643
23.331665,72.390412,116989.8145639172
23.581665,71.640412,204102.07454577074
23.581665,71.890412,180128.90208500237
23.581665,72.140412,157429.95117708173
23.581665,72.390412,133764.62118488658
23.831665,71.640412,220221.3117488987
23.831665,71.890412,197164.4368343218
23.831665,72.140412,173558.175079593
23.831665,72.390412,151393.7540010537
21.9094019,72.405252,71355.11678747964
21.9094019,72.655252,52490.07288132926
21.9094019,72.905252,26876.984051432115
21.9094019,73.155252,6377.657960051059
22.1594019,72.405252,57700.05029313134
22.1594019,72.655252,31511.122848325864
22.1594019,72.905252,14339.091718232288
22.1594019,73.155252,21194.81955732237
22.4094019,72.405252,58064.228034389715
22.4094019,72.655252,32173.119782856113
22.4094019,72.905252,13685.769429098733
22.4094019,73.155252,10015.69861844116
22.6594019,72.405252,71929.66797038197
22.6594019,72.655252,52465.52024786634
22.6594019,72.905252,28565.66077444957
22.6594019,73.155252,7503.0446400292285
21.5514367,72.3069758,66174.86043226732
21.5514367,72.5569758,45693.9540454376
21.5514367,72.8069758,35234.97254756313
21.5514367,73.0569758,25623.850071195262
21.8014367,72.3069758,86446.17245200355
21.8014367,72.5569758,64236.82127374761
21.8014367,72.8069758,36601.01562964347
21.8014367,73.0569758,10041.274835809298
22.0514367,72.3069758,72194.9945557889
22.0514367,72.5569758,47611.46433938341
22.0514367,72.8069758,29505.753048849416
22.0514367,73.0569758,24349.515484158
22.3014367,72.3069758,66886.77465845451
22.3014367,72.5569758,39096.99376986499
22.3014367,72.8069758,11502.732209356616
22.3014367,73.0569758,2036.2600323092215
23.5246132,72.2933287,139858.81440774514
23.5246132,72.5433287,115601.61743938639
23.5246132,72.7933287,93047.51630111632
23.5246132,73.0433287,72395.72659775963
23.7746132,72.2933287,155634.6773438246
23.7746132,72.5433287,134012.25846744564
23.7746132,72.7933287,112981.20600774258
23.7746132,73.0433287,93141.77808916412
24.0246132,72.2933287,173032.968093238
24.0246132,72.5433287,151583.53369947994
24.0246132,72.7933287,132528.2270284199
24.0246132,73.0433287,117042.29089769538
24.2746132,72.2933287,156798.07944228692
24.2746132,72.5433287,132750.88458633923
24.2746132,72.7933287,110494.16558773862
24.2746132,73.0433287,91346.19602487526
20.4225185,70.4190462,271226.27992494556
20.4225185,70.6690462,245006.29701497743
20.4225185,70.9190462,219183.6669573419
20.4225185,71.1690462,193917.19308393332
20.6725185,70.4190462,263271.3916160613
20.6725185,70.6690462,236169.88863638806
20.6725185,70.9190462,209259.67261371593
20.6725185,71.1690462,182625.32271041733
20.9225185,70.4190462,258503.30354227842
20.9225185,70.6690462,230842.69231954857
20.9225185,70.9190462,203228.3023626714
20.9225185,71.1690462,175681.9307552655
21.1725185,70.4190462,257116.40036018228
21.1725185,70.6690462,229288.53872194304
21.1725185,70.9190462,201461.23268043308
21.1725185,71.1690462,173634.74936142276
20.5778781,72.3744643,78538.51003403535
20.5778781,72.6244643,68909.26747825385
20.5778781,72.8744643,69840.39203227594
20.5778781,73.1244643,77664.13210791054
20.8278781,72.3744643,54878.295732107996
20.8278781,72.6244643,39897.580484084065
20.8278781,72.8744643,41418.91029771405
20.8278781,73.1244643,48084.01384911943
21.0778781,72.3744643,40303.537041871954
21.0778781,72.6244643,14302.611094090753
21.0778781,72.8744643,15469.485649361412
21.0778781,73.1244643,18689.575328619427
21.3278781,72.3744643,44893.31436816936
21.3278781,72.6244643,22099.60964092265
21.3278781,72.8744643,8426.757285357664
21.3278781,73.1244643,6377.69801794636
20.8996957,72.42659,44807.74577646817
20.8996957,72.67659,30181.041423528473
20.8996957,72.92659,36231.1450395323
20.8996957,73.17659,39088.58098738836
21.1496957,72.42659,33621.64092634585
21.1496957,72.67659,5794.473092549037
21.1496957,72.92659,10967.986788461581
21.1496957,73.17659,9296.04801690616
21.3996957,72.42659,45099.50263536027
21.3996957,72.67659,23182.693683719677
21.3996957,72.92659,12850.640936996224
21.3996957,73.17659,16733.090050423092
21.6496957,72.42659,63961.31402570698
21.6496957,72.67659,50303.47280016221
21.6496957,72.92659,26019.94172592609
21.6496957,73.17659,13432.700898339079
20.9666151,72.4518617,37651.05016052479
20.9666151,72.7018617,21848.26258664909
20.9666151,72.9518617,31280.41128139658
20.9666151,73.2018617,31174.648664219985
21.2166151,72.4518617,31876.302760952673
21.2166151,72.7018617,8708.82756590894
21.2166151,72.9518617,7011.252047248062
21.2166151,73.2018617,1454.1341141313742
21.4666151,72.4518617,47127.665454401766
21.4666151,72.7018617,28767.29521021531
21.4666151,72.9518617,19571.232550847297
21.4666151,73.2018617,24999.089257718704
21.7166151,72.4518617,68592.83824559553
21.7166151,72.7018617,48060.43971871538
21.7166151,72.9518617,20513.072494761553
21.7166151,73.2018617,8542.711847253997
21.588543,68.7800719,295359.33202520787
21.588543,69.0300719,304455.41328565916
21.588543,69.2800719,315750.00549851975
21.588543,69.5300719,329016.77296833694
21.838543,68.7800719,266780.61281430314
21.838543,69.0300719,276817.3748848502
21.838543,69.2800719,289193.406445433
21.838543,69.5300719,303622.78777077375
22.088543,68.7800719,238490.88665034552
22.088543,69.0300719,249667.5122634751
22.088543,69.2800719,263322.6803243621
22.088543,69.5300719,279092.82487263833
22.338543,68.7800719,210628.35688862114
22.338543,69.0300719,223204.54383852694
22.338543,69.2800719,238380.44316499334
22.338543,69.5300719,255693.57951603233
22.9634245,72.7990631,55177.67765211034
22.9634245,73.0490631,31817.600117486683
22.9634245,73.2990631,10810.12338522564
22.9634245,73.5490631,13050.733809935697
23.2134245,72.7990631,72905.20697606419
23.2134245,73.0490631,47950.35077382568
23.2134245,73.2990631,26605.137226689996
23.2134245,73.5490631,4850.0897460778215
23.4634245,72.7990631,87883.35961247493
23.4634245,73.0490631,67609.09664235174
23.4634245,73.2990631,45997.984396696826
23.4634245,73.5490631,29199.142835311268
23.7134245,72.7990631,107878.4517923563
23.7134245,73.0490631,87188.38710565238
23.7134245,73.2990631,70020.42847741046
23.7134245,73.5490631,57250.683734368184
20.553513,69.7898917,334715.74900815904
20.553513,70.0398917,307572.38639844244
20.553513,70.2898917,280563.5698810188
20.553513,70.5398917,253732.26882432515
20.803513,69.7898917,329705.9014840417
20.803513,70.0398917,302112.7632427079
20.803513,70.2898917,274567.415371331
20.803513,70.5398917,247085.84152486618
21.053513,69.7898917,327331.4742491926
21.053513,70.0398917,299519.6726007987
21.053513,70.2898917,271711.57160569774
21.053513,70.5398917,243908.43700617758
21.303513,69.7898917,327663.27335227036
21.303513,70.0398917,299882.2451307588
21.303513,70.2898917,272111.19935462606
21.303513,70.5398917,244353.53959493063
20.9176122,70.749609,222009.67334832813
20.9176122,70.999609,194424.42650627915
20.9176122,71.249609,166920.411613345
20.9176122,71.499609,139545.66862805234
21.1676122,70.749609,220314.104020377
21.1676122,70.999609,192486.01765418102
21.1676122,71.249609,164658.53510595395
21.1676122,71.499609,136832.024770959
21.4176122,70.749609,222642.83139142042
21.4176122,70.999609,195147.10587670177
21.4176122,71.249609,167761.61397329732
21.4176122,71.499609,140550.8055565933
21.6676122,70.749609,228892.99146268412
21.6676122,70.999609,202248.76786472788
21.6676122,71.249609,175971.95882774494
21.6676122,71.499609,150255.44952964343
22.3959246,72.1782442,82379.27830472936
22.3959246,72.4282442,55167.53510415753
22.3959246,72.6782442,29147.41830313781
22.3959246,72.9282442,12038.648414404495
22.6459246,72.1782442,92436.88464464343
22.6459246,72.4282442,68909.72116227791
22.6459246,72.6782442,49478.6856884708
22.6459246,72.9282442,25556.052251330704
22.8959246,72.1782442,109599.65503184279
22.8959246,72.4282442,88386.67055822101
22.8959246,72.6782442,65074.22738629378
22.8959246,72.9282442,38754.37452447284
23.1459246,72.1782442,127487.05378239334
23.1459246,72.4282442,101923.22081084906
23.1459246,72.6782442,77836.54167349168
23.1459246,72.9282442,57251.33297775995
23.0590941,72.2449399,116399.36210680123
23.0590941,72.4949399,90868.49520185823
23.0590941,72.7449399,65884.37334770836
23.0590941,72.9949399,44420.55925768352
23.3090941,72.2449399,129214.3617588869
23.3090941,72.4949399,105975.3719525596
23.3090941,72.7449399,83451.16976653149
23.3090941,72.9949399,59223.2217313535
23.5590941,72.2449399,146675.51145579768
23.5590941,72.4949399,122385.64992184704
23.5590941,72.7449399,99862.58526005583
23.5590941,72.9949399,79210.91383942454
23.8090941,72.2449399,162457.42763859977
23.8090941,72.4949399,140821.7936505182
23.8090941,72.7449399,119805.78648864839
23.8090941,72.9949399,99853.15711723486
21.3490419,70.207834,281636.70841111976
21.3490419,70.457834,253919.1846291295
21.3490419,70.707834,226229.24821870954
21.3490419,70.957834,198578.43993065186
21.5990419,70.207834,285743.49821445835
21.5990419,70.457834,258466.7552508601
21.5990419,70.707834,231321.8191109273
21.5990419,70.957834,204361.21954147166
21.8490419,70.207834,292876.85037140554
21.8490419,70.457834,266331.68471202697
21.8490419,70.707834,240077.6680752024
21.8490419,70.957834,214221.87274906377
22.0990419,70.207834,301280.50820519263
22.0990419,70.457834,273529.4606795937
22.0990419,70.707834,245796.23822135336
22.0990419,70.957834,218087.64113694197
22.0391166,72.2192782,81824.73614398293
22.0391166,72.4692782,56627.25615912321
22.0391166,72.7192782,35595.062354192145
22.0391166,72.9692782,26817.551973243037
22.2891166,72.2192782,76603.31790280904
22.2891166,72.4692782,48779.37072982141
22.2891166,72.7192782,20971.154777103387
22.2891166,72.9692782,2265.0167904920663
22.5391166,72.2192782,82766.3940313063
22.5391166,72.4692782,57898.77700780047
22.5391166,72.7192782,36676.48202728536
22.5391166,72.9692782,14620.303461431731
22.7891166,72.2192782,97884.51272052519
22.7891166,72.4692782,77622.61369358868
22.7891166,72.7192782,54513.12483937388
22.7891166,72.9692782,30757.42176156744
21.6716283,73.0797953,11415.989099905053
21.6716283,73.3297953,22000.643502753792
21.6716283,73.5797953,25054.453322674322
21.6716283,73.8297953,20251.408636906217
21.9216283,73.0797953,11213.993155407761
21.9216283,73.3297953,3286.914340808224
21.9216283,73.5797953,1999.4054223411058
21.9216283,73.8297953,9032.692456744442
22.1716283,73.0797953,14504.505549335896
22.1716283,73.3297953,25585.278542628083
22.1716283,73.5797953,23406.011578367437
22.1716283,73.8297953,36258.4314674308
22.4216283,73.0797953,1580.9811457760588
22.4216283,73.3297953,26023.76371551607
22.4216283,73.5797953,46929.39428233006
22.4216283,73.8297953,61970.31696630171
20.1313585,72.5951202,118536.7527564119
20.1313585,72.8451202,90963.10255948076
20.1313585,73.0951202,63613.001259708704
20.1313585,73.3451202,36985.74671543146
20.3813585,72.5951202,92481.10922831409
20.3813585,72.8451202,92196.16211857881
20.3813585,73.0951202,75714.72205586842
20.3813585,73.3451202,54491.64643206503
20.6313585,72.5951202,63334.72300567033
20.6313585,72.8451202,62917.91385210488
20.6313585,73.0951202,71701.7267943677
20.6313585,73.3451202,72996.96552795402
20.8813585,72.5951202,35105.518391916514
20.8813585,72.8451202,34318.191712018146
20.8813585,73.0951202,42297.787615661575
20.8813585,73.3451202,43750.67602604881
20.4287346,73.2737942,63988.03277648009
20.4287346,73.5237942,49006.00895298922
20.4287346,73.7737942,46797.191380261065
20.4287346,74.0237942,45377.11346550613
20.6787346,73.2737942,66037.23936803163
20.6787346,73.5237942,68965.62590128601
20.6787346,73.7737942,68372.79888843559
20.6787346,74.0237942,75038.83670280631
20.9287346,73.2737942,36711.96014135001
20.9287346,73.5237942,39847.12356668652
20.9287346,73.7737942,39095.71778912025
20.9287346,74.0237942,52710.254799944116
21.1787346,73.2737942,7919.813388065669
21.1787346,73.5237942,10828.092363242331
21.1787346,73.7737942,11929.880400123793
21.1787346,74.0237942,33267.667902199115
23.2968484,71.8818955,164932.77549522478
23.2968484,72.1318955,139598.7830756744
23.2968484,72.3818955,115420.20476792469
23.2968484,72.6318955,93299.68236783729
23.5468484,71.8818955,178688.58765437655
23.5468484,72.1318955,155610.44682657652
23.5468484,72.3818955,132513.77227115896
23.5468484,72.6318955,108874.99128034725
23.7968484,71.8818955,195927.84459377395
23.7968484,72.1318955,171998.77009533072
23.7968484,72.3818955,149427.02958387532
23.7968484,72.6318955,128807.53411177582
24.0468484,71.8818955,210286.82064690616
24.0468484,72.1318955,186302.0678902927
24.0468484,72.3818955,163540.1409178307
24.0468484,72.6318955,142587.86242684824
22.1609576,72.2553379,73945.31379731931
22.1609576,72.5053379,46932.87283213993
22.1609576,72.7553379,22056.366445555166
22.1609576,73.0053379,12224.414252048577
22.4109576,72.2553379,74305.63170763782
22.4109576,72.5053379,47498.547590056965
22.4109576,72.7553379,22783.580927353647
22.4109576,73.0053379,5877.0931185541
22.6609576,72.2553379,85876.22822252462
22.6609576,72.5053379,63577.081754605926
22.6609576,72.7553379,42504.71883134492
22.6609576,73.0053379,19292.18732114388
22.9109576,72.2553379,104584.23582059257
22.9109576,72.5053379,82394.75618203265
22.9109576,72.7553379,57370.09475159739
22.9109576,73.0053379,31813.92455230345
21.9815114,71.1881728,194677.46397424457
21.9815114,71.4381728,167397.51984238854
21.9815114,71.6881728,140333.70211083163
21.9815114,71.9381728,113640.52919486687
22.2315114,71.1881728,191458.96640484795
22.2315114,71.4381728,163643.36371131052
22.2315114,71.6881728,135833.60698111876
22.2315114,71.9381728,108034.21084572605
22.4815114,71.1881728,192927.32148702515
22.4815114,71.4381728,165358.90071628295
22.4815114,71.6881728,137895.5559285588
22.4815114,71.9381728,110615.57879613547
22.7315114,71.1881728,199003.33244665872
22.7315114,71.4381728,172409.22537618148
22.7315114,71.6881728,146275.62781804666
22.7315114,71.9381728,120901.53523062257
20.8148629,69.7678937,331971.31106591836
20.8148629,70.0178937,304359.64200967556
20.8148629,70.2678937,276791.68272637966
20.8148629,70.5178937,249281.93516087954
21.0648629,69.7678937,329735.2947597246
21.0648629,70.0178937,301919.20264156035
21.0648629,70.2678937,274105.90811939555
21.0648629,70.5178937,246296.3589601167
21.3148629,69.7678937,330187.21699308814
21.3148629,70.0178937,302412.69579677674
21.3148629,70.2678937,274649.3810685121
21.3148629,70.5178937,246901.053242729
21.5648629,69.7678937,333329.719568056
21.5648629,70.0178937,305840.71387039364
21.5648629,70.2678937,278419.4429327717
21.5648629,70.5178937,251088.09962649975
21.3998565,68.8171269,318183.3904234892
21.3998565,69.0671269,326995.75979485305
21.3998565,69.3171269,337876.8822145858
21.3998565,69.5671269,350634.21364021813
21.6498565,68.8171269,289559.1945726202
21.6498565,69.0671269,299215.7819099307
21.6498565,69.3171269,311070.16050275066
21.6498565,69.5671269,324881.8385124846
21.8998565,68.8171269,261175.9120037057
21.8998565,69.0671269,271842.62725590717
21.8998565,69.3171269,284838.5061831176
21.8998565,69.5671269,299860.86581058725
22.1498565,68.8171269,233140.85729953976
22.1498565,69.0671269,245031.0517562846
22.1498565,69.3171269,259373.81698241417
22.1498565,69.5671269,275786.7675869746
21.769829,73.2161432,6435.364649161259
21.769829,73.4661432,18697.081556627276
21.769829,73.7161432,8491.288179238101
21.769829,73.9661432,12755.195726483149
22.019829,73.2161432,10394.273681371653
22.019829,73.4661432,4163.481374889675
22.019829,73.7161432,16368.01266205064
22.019829,73.9661432,13207.65489610175
22.269829,73.2161432,20090.493224538837
22.269829,73.4661432,34090.598411844876
22.269829,73.7161432,39820.078808754304
22.269829,73.9661432,40969.56088078857
22.519829,73.2161432,9228.013100640297
22.519829,73.4661432,29971.161382641116
22.519829,73.7161432,53468.70644371429
22.519829,73.9661432,70450.88944489633
20.4223191,72.4102287,93400.36953260346
20.4223191,72.6602287,86749.15190581938
20.4223191,72.9102287,88747.98765459491
20.4223191,73.1602287,72717.37361539411
20.6723191,72.4102287,66860.72259318669
20.6723191,72.6602287,57202.64463497391
20.6723191,72.9102287,60190.800871863416
20.6723191,73.1602287,66204.69183712683
20.9223191,72.4102287,44509.30346027988
20.9223191,72.6602287,27979.71447444253
20.9223191,72.9102287,32978.76261748905
20.9223191,73.1602287,36475.424522137684
21.1723191,72.4102287,35560.4555811381
21.1723191,72.6602287,8144.466139050621
21.1723191,72.9102287,7722.377409258013
21.1723191,73.1602287,6881.090292756998
21.9210621,68.5190435,249427.08398557082
21.9210621,68.7690435,257006.8056196576
21.9210621,69.0190435,267282.864532886
21.9210621,69.2690435,279958.5055678773
22.1710621,68.5190435,220241.96474763387
22.1710621,68.7690435,228790.62687350952
22.1710621,69.0190435,240276.47093142124
22.1710621,69.2690435,254301.8239221894
22.4210621,68.5190435,191265.86771603164
22.4210621,68.7690435,201050.39184851636
22.4210621,69.0190435,214030.1184425375
22.4210621,69.2690435,229663.94311563304
22.6710621,68.5190435,162639.4996707589
22.6710621,68.7690435,174040.89968289132
22.6710621,69.0190435,188885.85521556373
22.6710621,69.2690435,206432.8013359529
20.7094892,72.3317058,68442.83525310151
20.7094892,72.5817058,54769.325327747894
20.7094892,72.8317058,53515.79136142317
20.7094892,73.0817058,62734.965655107946
20.9594892,72.3317058,49579.81188686628
20.9594892,72.5817058,27810.34063276716
20.9594892,72.8317058,25056.338897636986
20.9594892,73.0817058,33554.66940493127
21.2094892,72.3317058,44787.91236545194
21.2094892,72.5817058,17922.45500563181
21.2094892,72.8317058,2363.4929895568257
21.2094892,73.0817058,6995.723309866475
21.4594892,72.3317058,57764.943589669376
21.4594892,72.5817058,35488.74138910393
21.4594892,72.8317058,24252.38797645038
21.4594892,73.0817058,19552.329141593873
21.2291971,70.0743069,295634.7627054455
21.2291971,70.3243069,267821.3842623456
21.2291971,70.5743069,240011.82980282977
21.2291971,70.8243069,212207.6027177508
21.4791971,70.0743069,298113.5536158626
21.4791971,70.3243069,270555.1178554413
21.4791971,70.5743069,243058.54515913498
21.4791971,70.8243069,215647.50075247217
21.7291971,70.0743069,303539.770802898
21.7291971,70.3243069,276522.64537894493
21.7291971,70.5743069,249684.11640405416
21.7291971,70.8243069,223088.65096724554
21.9791971,70.0743069,311774.5799332983
21.9791971,70.3243069,285537.68515010155
21.9791971,70.5743069,259632.7294814389
21.9791971,70.8243069,234169.90076415514
22.3223344,70.3258369,287417.956576787
22.3223344,70.5758369,259593.2408197594
22.3223344,70.8258369,231769.7633960155
22.3223344,71.0758369,203948.0311226199
22.5723344,70.3258369,289538.32933797775
22.5723344,70.5758369,261938.94913196287
22.5723344,70.8258369,234394.08187430087
22.5723344,71.0758369,206925.4981674433
22.8223344,70.3258369,289473.47321495437
22.8223344,70.5758369,267686.2576673157
22.8223344,70.8258369,240799.7198695878
22.8223344,71.0758369,214154.33981925296
23.0723344,70.3258369,276697.9437486948
23.0723344,70.5758369,276641.37785523315
23.0723344,70.8258369,250717.02073648953
23.0723344,71.0758369,225247.86494244388
22.3178625,70.3195578,288107.50748148654
22.3178625,70.5695578,260281.76922132284
22.3178625,70.8195578,232457.02084380735
22.3178625,71.0695578,204633.66614265647
22.5678625,70.3195578,290166.8882465847
22.5678625,70.5695578,262559.4914614459
22.5678625,70.8195578,235004.58231083374
22.5678625,71.0695578,207523.069769352
22.8178625,70.3195578,289107.454778805
22.8178625,70.5695578,268232.6472121013
22.8178625,70.8195578,241326.3768861745
22.8178625,71.0695578,214655.74988901144
23.0678625,70.3195578,276256.3056091935
23.0678625,70.5695578,277110.876681702
23.0678625,70.8195578,251157.53049808758
23.0678625,71.0695578,225651.89098543735
21.598312,68.917873,298984.91973711044
21.598312,69.167873,309357.01626209525
21.598312,69.417873,321808.24790514016
21.598312,69.667873,336107.62704493146
21.848312,68.917873,270916.56744258734
21.848312,69.167873,282321.74516897183
21.848312,69.417873,295912.7450861888
21.848312,69.667873,311403.5022963652
22.098312,68.917873,243251.2935962308
22.098312,69.167873,255892.50304887712
22.098312,69.417873,270813.1422693689
22.098312,69.667873,287658.73281339474
22.348312,68.917873,216165.10501711295
22.348312,69.167873,230297.9242360629
22.348312,69.417873,246770.98455172812
22.348312,69.667873,265148.4628554875
21.6286946,68.7909787,291107.62192468025
21.6286946,69.0409787,300444.9864755976
21.6286946,69.2909787,311993.16640402644
21.6286946,69.5409787,325516.9511655395
21.8786946,68.7909787,262606.688921792
21.8786946,69.0409787,272920.89590602316
21.8786946,69.2909787,285584.24572555616
21.8786946,69.5409787,300299.70199774177
22.1286946,68.7909787,234421.84569199564
22.1286946,69.0409787,245921.01189878283
22.1286946,69.2909787,259903.23214190657
22.1286946,69.5409787,275991.3761172756
22.3786946,68.7909787,206704.64870341815
22.3786946,69.0409787,219659.63250284057
22.3786946,69.2909787,235208.20592779384
22.3786946,69.5409787,252872.39815580737
21.8946412,68.6733657,256812.97546130128
21.8946412,68.9233657,265984.4259835258
21.8946412,69.1733657,277653.6133297994
21.8946412,69.4233657,291520.7484094588
22.1446412,68.6733657,228161.38303312726
22.1446412,68.9233657,238437.4702266576
22.1446412,69.1733657,251388.62610984658
22.1446412,69.4233657,266625.31593138986
22.3946412,68.6733657,199861.95873958743
22.3946412,68.9233657,211517.4060254223
22.3946412,69.1733657,226016.4312191292
22.3946412,69.4233657,242850.25208788353
22.6446412,68.6733657,172115.8044663683
22.6446412,68.9233657,185522.66882406565
22.6446412,69.1733657,201897.18863053035
22.6446412,69.4233657,220579.4472180696
22.9882057,72.1523374,119301.70068571687
22.9882057,72.4023374,97162.57508898515
22.9882057,72.6523374,71404.89926243083
22.9882057,72.9023374,46481.28926003373
23.2382057,72.1523374,134476.85839093706
23.2382057,72.4023374,109748.29012005404
23.2382057,72.6523374,86915.77851382428
23.2382057,72.9023374,63949.18874817292
23.4882057,72.1523374,149591.0194084881
23.4882057,72.4023374,127220.08634132866
23.4882057,72.6523374,102982.875093761
23.4882057,72.9023374,81035.25614213085
23.7382057,72.1523374,166273.69709073618
23.7382057,72.4023374,143242.66441704705
23.7382057,72.6523374,122141.23350043272
23.7382057,72.9023374,100900.56739211442
21.9534814,68.5954203,247678.0671153704
21.9534814,68.8454203,256234.82316170237
21.9534814,69.0954203,267426.90197551355
21.9534814,69.3454203,280939.5216564273
22.2034814,68.5954203,218787.1736964078
22.2034814,68.8454203,228428.7351555515
22.2034814,69.0954203,240916.06493606258
22.2034814,69.3454203,255832.79162882615
22.4534814,68.5954203,190199.61902617887
22.4534814,68.8454203,201215.6921027944
22.4534814,69.0954203,215287.2918867219
22.4534814,69.3454203,231858.76083564287
22.7034814,68.5954203,162105.09910274378
22.7034814,68.8454203,174899.75078831118
22.7034814,69.0954203,190920.88970389124
22.7034814,69.3454203,209429.3509841604
21.8148736,73.5141067,15584.622067090575
21.8148736,73.7641067,2538.107180780223
21.8148736,74.0141067,10318.704186496265
21.8148736,74.2641067,13864.72319466764
22.0648736,73.5141067,10192.433325934637
22.0648736,73.7641067,23426.97970871821
22.0648736,74.0141067,15834.39017627943
22.0648736,74.2641067,12127.924198146036
22.3148736,73.5141067,40028.451487984414
22.3148736,73.7641067,47190.018652562576
22.3148736,74.0141067,45213.588874397195
22.3148736,74.2641067,37530.763140145296
22.5648736,73.5141067,32234.59485806418
22.5648736,73.7641067,54244.42568835486
22.5648736,74.0141067,74842.42477704327
22.5648736,74.2641067,65888.74111176786
21.3885056,73.1893287,16529.293133695628
21.3885056,73.4393287,13274.85312474472
21.3885056,73.6893287,8719.420172496513
21.3885056,73.9393287,9491.449344116805
21.6385056,73.1893287,15225.947156855245
21.6385056,73.4393287,31768.97369926816
21.6385056,73.6893287,24490.849203306596
21.6385056,73.9393287,19240.258479016433
21.8885056,73.1893287,4640.791050767683
21.8885056,73.4393287,4575.77661401298
21.8885056,73.6893287,1316.1983118597727
21.8885056,73.9393287,1599.1669990637433
22.1385056,73.1893287,24888.547406437356
22.1385056,73.4393287,18253.445089440145
22.1385056,73.6893287,25054.361396549924
22.1385056,73.9393287,27326.995854236255
